r_A,pOO_xtb,pOO_mace
2.257627118644068,0.0,0.0
2.3728813559322033,0.0004621166194367818,0.0
2.4881355932203393,0.010166565627609201,0.008838825863303342
2.6033898305084744,0.13817286921159777,0.08769045659119369
2.7186440677966104,0.327640683180677,0.25493034595211644
2.833898305084746,0.38887113525605344,0.36029845426991924
2.9491525423728815,0.34242841500265403,0.3177325297176926
3.0644067796610175,0.2409938170362817,0.22771606632036773
3.1796610169491526,0.19408898016344836,0.18468494040691721
3.2949152542372886,0.17352479059851159,0.16165747302620587
3.4101694915254237,0.15550224244047708,0.17072889957012247
3.5254237288135597,0.15827494215709778,0.16212267438743236
3.640677966101695,0.13701757766300582,0.16700728868031053
3.755932203389831,0.13147217822976393,0.1597966675812993
3.8711864406779664,0.14579779343230523,0.14956223763431767
3.986440677966102,0.14071451061849952,0.17189190297318804
4.101694915254237,0.15943023370569034,0.1586336641782343
4.216949152542373,0.14394932695455698,0.16189007370681852
4.332203389830509,0.14695308498089718,0.1765439165854543
4.447457627118644,0.15896811708625233,0.1744505104599337
4.56271186440678,0.15342271765301096,0.17514831250177346
4.677966101694915,0.1571196506085064,0.17003109752828338
4.793220338983051,0.16751727454583407,0.14607322742511897
4.908474576271186,0.17468008214710284,0.16026186894252578
5.023728813559322,0.19455109678288438,0.18026552747526486
5.138983050847457,0.20910777029514457,0.17352010773748208
5.254237288135593,0.18623299763302234,0.16956589616705559
5.369491525423729,0.1827671229872479,0.17840472203036026
5.4847457627118645,0.20772142043683264,0.18398713836507677
5.6000000000000005,0.21580846127697628,0.1923607628671536
5.715254237288136,0.21881221930331704,0.2028277934947512
5.830508474576272,0.22089174409078258,0.22399445543055663
5.945762711864407,0.25832319026516004,0.21399262616418538
6.061016949152543,0.2312893680281084,0.22027284454074297
6.176271186440678,0.21049412015345492,0.23353108333569975
6.291525423728814,0.20310025424246483,0.20817760914885425
6.40677966101695,0.16174081680287428,0.18910435333856962
6.522033898305085,0.15411589258216613,0.17212450365380128
6.63728813559322,0.1354001694949776,0.1625878757486595
6.752542372881356,0.1529606010335742,0.1898021553804079
6.867796610169492,0.12454042893821318,0.18421973904569144
6.983050847457627,0.13516911118525818,0.1432820192577589
7.098305084745763,0.138634985831034,0.14374722061898537
7.213559322033898,0.12130561260215571,0.13816480428426858
7.328813559322034,0.12246090415074672,0.11606773962600923
7.44406779661017,0.11321857176201199,0.11699814234846312
7.559322033898305,0.08225675825974685,0.09187726884223175
7.6745762711864405,0.07717347544594287,0.09443587632897818
7.7898305084745765,0.07347654249044802,0.0735018150737854
7.9050847457627125,0.07763559206537965,0.08210804025647611
8.020338983050848,0.08618474952495948,0.06768679805845428
8.135593220338983,0.07694241713622506,0.05512636130533991
8.250847457627119,0.07116595939326303,0.05326555586043227
8.366101694915255,0.061923627004529476,0.06582599261354934
8.481355932203389,0.0603062188364998,0.06349998580741588
8.596610169491527,0.05268129461579292,0.0507069483736874
8.711864406779661,0.0469048368728339,0.04279852523283774
8.827118644067797,0.03789356279381538,0.042565924552223175
8.942372881355933,0.026109588998178473,0.048380941567555694
