frame,time_ps,max_intra_OH_A,max_OO_A,mean_coordination,state
0,0.0,0.9751286073669916,2.7962893997690084,1.5741075035745815,intact
1,0.1,0.9657996375038114,3.6846844083761225,1.1352577627450497,drifting_apart
2,0.2,1.0130712098988857,3.9563100527422215,1.0484889503841723,drifting_apart
3,0.3,1.0255691912936888,3.532383314863861,1.2925374620114882,drifting_apart
4,0.4,1.012286209177105,3.4145670756612727,1.1997612425308493,intact
5,0.5,0.9801482121394023,2.8979200874216797,1.5443800793330122,intact
6,0.6,0.9926642580270004,3.2992267509925846,1.1180799513742585,intact
7,0.7,1.00137315021403,3.0701608663836972,1.5056889967500584,intact
8,0.8,0.9695547910944694,3.507746445587619,1.2341958667233726,drifting_apart
9,0.9,0.9911658093274941,3.9721607417589073,0.9596469654776215,drifting_apart
10,1.0,0.9897378559269892,4.0138895617845565,1.2542873862265995,drifting_apart
11,1.1,1.0006393285861024,4.637860199025895,0.848475333040056,drifting_apart
12,1.2,1.010928966368059,5.371689635434741,0.662301583518751,drifting_apart
13,1.3,1.0011088012750757,5.748211099776598,0.7782732651263288,drifting_apart
14,1.4,0.994953088101203,6.108540446450401,0.8158684357833943,drifting_apart
15,1.5,0.9685812795974609,6.284932652039568,0.8029935808516154,drifting_apart
16,1.6,0.9699650209890743,6.73937607631683,0.6389548335339349,drifting_apart
17,1.7,0.9815479254216516,6.623375588508186,0.6029815555825127,drifting_apart
18,1.8,0.9819492499845998,5.945664649510955,0.8198564149138671,drifting_apart
19,1.9,0.9843349159818644,5.076982360705278,1.1018293926790086,drifting_apart
20,2.0,1.0012503637988992,5.012134533877625,0.8617546015258593,drifting_apart
21,2.1,0.9954354223419808,4.599352210493543,0.6431231850160294,drifting_apart
22,2.2,0.9863012195328876,3.881294970534827,0.782373009983579,drifting_apart
23,2.3,1.004857135653092,3.6145092886113384,1.205084391412593,drifting_apart
24,2.4,0.9786573465665247,4.053416863274303,1.0261143799831731,drifting_apart
25,2.5,0.9647075541765943,4.853711094041609,0.6000992132368629,drifting_apart
26,2.6,0.9704533988961457,5.160820922553773,0.7329490729372122,drifting_apart
27,2.7,0.9949139682509807,5.083144413875995,1.00884708339276,drifting_apart
28,2.8,0.9977007429275414,5.313491765132052,0.8405598521780128,drifting_apart
29,2.9,0.9979976391191536,5.585241110403583,0.7676295591016409,drifting_apart
30,3.0,0.9877727073366557,5.045770007133802,1.0494907969209055,drifting_apart
31,3.1,0.9761696407249346,5.423487547973018,0.979361458678298,drifting_apart
32,3.2,0.9833152329877377,6.758270224969253,0.451343018449549,drifting_apart
33,3.3,0.9865427253886173,7.731008427151441,0.23393831417469527,drifting_apart
34,3.4,0.9825388387613008,8.526544420673684,0.1761275285563421,drifting_apart
35,3.5,0.9898642131572508,8.902705216513116,0.24925594890091132,drifting_apart
36,3.6,0.995926264640265,9.303629755613924,0.5264312652139734,drifting_apart
37,3.7,0.9807733865274508,9.821006576327877,0.41320395346374345,drifting_apart
38,3.8,0.9644473007839992,10.454337106522647,0.306198460482766,drifting_apart
39,3.9,0.9621297975259808,10.877240182487483,0.48913110728842263,drifting_apart
40,4.0,0.9685182482026446,11.338738945220753,0.45592924868841317,drifting_apart
41,4.1,0.9866585194217659,12.114381735221976,0.32460726251663025,drifting_apart
42,4.2,0.9898174597447214,12.782300905898701,0.20548873178215832,drifting_apart
43,4.3,0.9946450830757165,13.632821166818655,0.16270806916091454,drifting_apart
44,4.4,0.9842961395479,14.47865833209895,0.1593431793014808,drifting_apart
45,4.5,0.9820274165983891,15.331105269154758,0.15880279118474264,drifting_apart
46,4.6,0.9824501071469336,15.874837057640372,0.27251827369262216,drifting_apart
47,4.7,0.9820990537521879,16.284990498850913,0.5011252906379471,drifting_apart
48,4.8,0.9837247076662855,17.06309489774302,0.433902492519626,drifting_apart
49,4.9,0.9893654569566205,17.820879549310934,0.221761676676917,drifting_apart
50,5.0,0.975772396225601,18.5394196534407,0.19175804768970695,drifting_apart
51,5.1,0.9757915319697616,19.29735046566879,0.20222010140192692,drifting_apart
52,5.2,0.9735119884125821,19.92715998878091,0.3350390907481544,drifting_apart
53,5.3,0.9742012553928525,20.620245917304388,0.5295190083618898,drifting_apart
54,5.4,0.9765821062454854,21.35734286968195,0.38136799898130413,drifting_apart
55,5.5,0.9804049801342805,22.134555969629403,0.22787746162251873,drifting_apart
56,5.6,0.9855372281462972,22.9829944164051,0.21074634458576305,drifting_apart
57,5.7,0.9793413476599288,23.55727160016525,0.3837500675670616,drifting_apart
58,5.8,0.9815846966430853,24.149683541882155,0.5151982333325772,drifting_apart
59,5.9,0.9831704212001758,24.890583170183408,0.2802993597085026,drifting_apart
60,6.0,0.9840695899400363,25.410254853899072,0.28347047792474117,drifting_apart
61,6.1,0.9839361756773509,26.07368860747037,0.525522859440867,drifting_apart
62,6.2,0.9619098428951294,26.870760702066512,0.41362573305422407,drifting_apart
63,6.3,0.9624257393175714,27.36635696683094,0.3300139520262659,drifting_apart
64,6.4,0.9635906872308454,28.11516703035492,0.5168467449076889,drifting_apart
65,6.5,0.9769665812912315,28.814756321840235,0.4078464244793283,drifting_apart
66,6.6,0.9756248102189898,29.37258446563985,0.2664387323920188,drifting_apart
67,6.7,0.9756168926453882,30.037096884745623,0.33684444410029757,drifting_apart
68,6.8,0.9757457786398438,30.727042389714583,0.5711737581434163,drifting_apart
69,6.9,0.9757415727782949,31.17121254265452,0.26672180584111443,drifting_apart
70,7.0,0.973258201154024,31.87565114430942,0.18105646542963671,drifting_apart
71,7.1,0.9769908493457942,32.56388777195272,0.21808446867332945,drifting_apart
72,7.2,0.9760061594051486,33.16753421001856,0.3339666862079696,drifting_apart
73,7.3,0.9728404988527366,33.879915432538425,0.5552774844590833,drifting_apart
74,7.4,0.9718380911004098,34.795518385359344,0.3247760387855345,drifting_apart
75,7.5,0.9687549074482549,35.59123024547371,0.2936250254921685,drifting_apart
76,7.6,0.9743033757069264,36.132124236191146,0.483567446886043,drifting_apart
77,7.7,0.9730943008212033,36.81069696027321,0.43432839039359056,drifting_apart
78,7.8,0.9769368960339403,37.6585251041563,0.2879900152013938,drifting_apart
79,7.9,0.9784855314250052,38.09448801378601,0.43158756267069204,drifting_apart
80,8.0,0.9807204818614348,38.47902324725833,0.48371948159717437,drifting_apart
81,8.1,0.9782053663600502,39.38528755760882,0.22702502284408788,drifting_apart
82,8.2,0.969111347436799,40.19955074060018,0.17156593910384058,drifting_apart
83,8.3,0.9707085018440557,40.590060109297184,0.2231027633908594,drifting_apart
84,8.4,0.9715304062154568,40.812039969708906,0.49275098170610704,drifting_apart
85,8.5,0.9682110961634601,41.467955961528254,0.413652551186311,drifting_apart
86,8.6,0.9672479330605779,42.228664043510676,0.16443180792071832,drifting_apart
87,8.7,0.9698628142659588,42.89206853590643,0.08607781567997015,drifting_apart
88,8.8,0.9687684899804986,43.38793305713014,0.07348626499205735,drifting_apart
89,8.9,0.9696206733669238,43.94008174322045,0.07328915513329053,drifting_apart
90,9.0,0.970348101333005,44.37481916183228,0.09280524660135524,drifting_apart
91,9.1,0.9727329480048185,44.50869145742292,0.1941642347907695,drifting_apart
92,9.2,0.9754329645772319,44.79517297030511,0.46650414294975934,drifting_apart
93,9.3,0.9674319406813133,45.17109479485339,0.4376329211006194,drifting_apart
94,9.4,0.9674201816533308,45.55086364284689,0.18539862891888367,drifting_apart
95,9.5,0.9657700006032088,46.116192357595224,0.09741005415062626,drifting_apart
96,9.6,0.9669598872052327,46.770275514835454,0.07148833684914145,drifting_apart
97,9.7,0.9690980949245157,47.559237462227514,0.07225998470301971,drifting_apart
98,9.8,0.9665536521441648,48.090843582532585,0.08928683338023029,drifting_apart
99,9.9,0.9659620511071462,48.615771395092416,0.11861780843732143,drifting_apart
100,10.0,0.9664583554853623,49.024074681997284,0.23271646407523008,drifting_apart
101,10.1,0.9769020819251157,49.64404817868234,0.518875987602612,drifting_apart
102,10.2,0.9831755319286761,50.44297683022199,0.40676387376552325,drifting_apart
103,10.3,0.9675527451998318,51.156800208095085,0.1988688864042112,drifting_apart
104,10.4,0.9682843325789511,51.80646311871657,0.1445400897152001,drifting_apart
105,10.5,0.9719022260017766,52.438828446843715,0.1489600010883918,drifting_apart
106,10.6,0.9704570978156277,52.96403548405899,0.2251482704859347,drifting_apart
107,10.7,0.9714117016603264,53.1821396002114,0.4969871397019499,drifting_apart
108,10.8,0.9694426347559414,53.48605266162566,0.4406914030280488,drifting_apart
109,10.9,0.9667782969270903,54.05158883320259,0.2319656244426677,drifting_apart
110,11.0,0.9665924054073859,54.31700163539994,0.21110778956864718,drifting_apart
111,11.1,0.9735059600914475,54.42283686532246,0.2927310407976241,drifting_apart
112,11.2,0.9767819942731764,54.7738819125972,0.500058783873737,drifting_apart
113,11.3,0.9741943525848045,55.96007122609591,0.37913336025590544,drifting_apart
114,11.4,0.9668634816713882,57.038476369630544,0.23213510873412138,drifting_apart
115,11.5,0.9719543785650593,57.898432821192955,0.16503114284443607,drifting_apart
116,11.6,0.9705981796302307,58.844288660232515,0.101764240961017,drifting_apart
117,11.7,0.9664626813704522,59.4670793708109,0.08153071042252893,drifting_apart
118,11.8,0.9640573552216332,60.097808720465004,0.08202574163995324,drifting_apart
119,11.9,0.9652246789135671,60.632605969436796,0.06629617715966402,drifting_apart
120,12.0,0.9673250315941777,61.0232204403026,0.07232608630891789,drifting_apart
121,12.1,0.980590541071281,61.54477781041879,0.0414994426544535,drifting_apart
122,12.2,0.9765129807748559,62.083513410171626,0.029029385287942355,drifting_apart
123,12.3,0.9652470128083526,62.44552159729163,0.01803409378057681,drifting_apart
124,12.4,0.9661023075376216,62.840903356197806,0.008639465955613443,drifting_apart
125,12.5,0.9684303215542299,63.32727931124386,0.004947418371933015,drifting_apart
126,12.6,0.9729085890248151,63.63947795818858,0.0030906140922032006,drifting_apart
127,12.7,0.9702560012873358,63.87619160101165,0.001992848176416947,drifting_apart
128,12.8,0.9691032685758065,64.37209612042908,0.0011419381747829686,drifting_apart
129,12.9,0.9644399015222577,64.65528185287236,0.0007530513845636003,drifting_apart
130,13.0,0.9663002173650179,64.97026557375982,0.0005194430231496809,drifting_apart
131,13.1,0.9731820456813446,65.3575238121608,0.000334882017446007,drifting_apart
132,13.2,0.9764844547059081,65.83893526501342,0.0001940147247950477,drifting_apart
133,13.3,0.9706660638641746,66.28897670110165,0.00012693575104796455,drifting_apart
134,13.4,0.9661104076437577,66.6462121965013,8.740559321937161e-05,drifting_apart
135,13.5,0.9652431998648889,66.93983775526976,6.373348299857601e-05,drifting_apart
136,13.6,0.9642736259732284,67.26461792286537,4.550953894096735e-05,drifting_apart
137,13.7,0.9664226499358206,67.84457312734345,3.3339165451582766e-05,drifting_apart
138,13.8,0.9682810338015411,68.14525362594954,2.5651020547005204e-05,drifting_apart
139,13.9,0.9672630048832567,68.37198097572447,2.0188300678199143e-05,drifting_apart
140,14.0,0.9693833958554389,68.64018453016024,1.654610337555073e-05,drifting_apart
141,14.1,0.9738911058620161,68.97471184502581,1.275613185300466e-05,drifting_apart
142,14.2,0.9675478165617056,69.32572362683511,9.807878378161342e-06,drifting_apart
143,14.3,0.9664725057051649,69.50681663436671,7.788054810411695e-06,drifting_apart
144,14.4,0.9681572516373724,69.69706454099929,6.1936330531798274e-06,drifting_apart
145,14.5,0.9682468474780366,69.980455758993,5.062139558200106e-06,drifting_apart
146,14.6,0.9654281339847499,70.27170747942048,4.173165745829991e-06,drifting_apart
147,14.7,0.9646120452040823,70.38011196003961,3.536342578794427e-06,drifting_apart
148,14.8,0.9641321081014651,70.47824229605116,3.0246519720761617e-06,drifting_apart
149,14.9,0.9637276125689871,70.82397725481307,2.592040387418466e-06,drifting_apart
150,15.0,0.9644019290356632,70.97785809762637,2.21424890537388e-06,drifting_apart
151,15.1,0.9710528826299084,71.09732272495572,1.921414563574305e-06,drifting_apart
152,15.2,0.9721638267920226,71.1649227699016,1.6366555650520322e-06,drifting_apart
153,15.3,0.972141538643984,71.37410244455047,1.3845344547319882e-06,drifting_apart
154,15.4,0.9677173115784282,71.42485982361802,1.1940557686987765e-06,drifting_apart
155,15.5,0.9648613267284061,71.57108706220392,1.0490936656156759e-06,drifting_apart
156,15.6,0.9639162024496625,71.74137110439679,9.143556642526557e-07,drifting_apart
157,15.7,0.9642928633948913,71.90499311177132,8.308134542354476e-07,drifting_apart
158,15.8,0.9660832731973212,71.82069231672256,7.516894819194709e-07,drifting_apart
159,15.9,0.9670946865011194,71.97535165297418,6.642827396233691e-07,drifting_apart
160,16.0,0.9654055566479514,72.20087661756054,6.019833646754711e-07,drifting_apart
161,16.1,0.9722348383065492,72.24271171595062,5.356246447165441e-07,drifting_apart
162,16.2,0.9676325232029994,72.24151692533317,4.874679575149424e-07,drifting_apart
163,16.3,0.9663368253201214,72.46523349685545,4.389320825788626e-07,drifting_apart
164,16.4,0.965696569163565,72.75334457834697,3.996757798424337e-07,drifting_apart
165,16.5,0.9686908604143244,72.80116366149812,3.65489127675568e-07,drifting_apart
166,16.6,0.9661185145644913,72.85613350289853,3.378779856528804e-07,drifting_apart
167,16.7,0.9675065201627573,73.04765691369103,3.0561329304779095e-07,drifting_apart
168,16.8,0.9652725624708407,73.2028587902762,2.8261621117159833e-07,drifting_apart
169,16.9,0.9633827451841516,73.42854750686192,2.6491167271808154e-07,drifting_apart
170,17.0,0.9633690209210835,73.41813539697307,2.4784374344688707e-07,drifting_apart
171,17.1,0.9698505494692999,73.47586304447383,2.29865331567757e-07,drifting_apart
172,17.2,0.9686998668538457,73.74672584833193,2.111473818103092e-07,drifting_apart
173,17.3,0.9695641859018845,74.04971301696763,1.9278091232605695e-07,drifting_apart
174,17.4,0.9679523504414769,74.07884513782648,1.756867463374764e-07,drifting_apart
175,17.5,0.966026113300132,74.26013557475595,1.592560312557207e-07,drifting_apart
176,17.6,0.9641534174538293,74.60479721375276,1.4666392875909923e-07,drifting_apart
177,17.7,0.9631893599222229,74.7481596118436,1.3664930795961236e-07,drifting_apart
178,17.8,0.9655724276062482,74.77828856408718,1.283637668606591e-07,drifting_apart
179,17.9,0.9638806428059921,74.9826610473749,1.1785560256970421e-07,drifting_apart
180,18.0,0.9636823591625578,75.23706188908926,1.0895027486362084e-07,drifting_apart
181,18.1,0.9713666198262727,75.40999966577623,1.0192908873661234e-07,drifting_apart
182,18.2,0.9677045379277105,75.60134912772193,9.44448391787903e-08,drifting_apart
183,18.3,0.9672790398315809,75.85723031627883,8.631550394809053e-08,drifting_apart
184,18.4,0.966914618213657,76.03046505865959,8.078999058898103e-08,drifting_apart
185,18.5,0.9669245507545631,76.34487005975504,7.569778739246152e-08,drifting_apart
186,18.6,0.9680468767135123,76.82134274072548,7.061980348886111e-08,drifting_apart
187,18.7,0.9659999948758478,77.0868768450754,6.70342503088976e-08,drifting_apart
188,18.8,0.9638885610386735,77.48450155488621,6.2046006327463e-08,drifting_apart
189,18.9,0.9652839332578637,78.06074761581115,5.8947646389359644e-08,drifting_apart
190,19.0,0.9625741748089873,78.30537808206759,5.585500630459728e-08,drifting_apart
191,19.1,0.9710789187289174,78.58613369327936,5.337030678687853e-08,drifting_apart
192,19.2,0.970573461692282,78.93152433061967,5.0744100886649293e-08,drifting_apart
193,19.3,0.9693494477667186,79.21526661228572,4.76785004103365e-08,drifting_apart
194,19.4,0.9679780535057557,79.36660493699956,4.479794560075703e-08,drifting_apart
195,19.5,0.9665340832630314,79.58122404236093,4.256247415494109e-08,drifting_apart
196,19.6,0.9658043708595102,79.8887658213148,4.0016907537798755e-08,drifting_apart
197,19.7,0.9646263363869757,80.11071756192543,3.771619133525151e-08,drifting_apart
198,19.8,0.9657397290942248,80.42519998868869,3.5629720962985927e-08,drifting_apart
199,19.9,0.9646098069229643,80.56754083090834,3.386573580168507e-08,drifting_apart
