n_waters,label,kpush,n_frames,frac_intact,final_fragments,max_fragments,final_oh_intact,t_first_break_ps,max_spread_A
1,low,0.008,200,1.0,1,1,True,,1.050338615945165
1,med,0.02,200,1.0,1,1,True,,1.2046752992793919
1,high,0.05,200,0.21,1,1,False,4.2,1315.1553206511353
2,low,0.008,200,0.0,2,2,True,0.0,193.0217407462954
2,med,0.02,200,0.07,2,2,True,0.0,202.52589113437887
2,high,0.05,200,0.02,2,2,True,0.0,283.19073217187264
3,low,0.008,200,0.1,3,3,True,1.7,105.25117967770909
3,med,0.02,200,0.03,3,3,True,0.2,128.84930124538764
3,high,0.05,200,0.005,3,3,True,0.1,155.91207068210747
4,low,0.008,200,0.15,4,4,True,0.8,84.92358694592302
4,med,0.02,200,0.125,4,4,True,1.0,98.14762847658183
4,high,0.05,200,0.06,4,4,True,0.3,105.42597251187426
