frame,time_ps,n_fragments,oh_intact,spread_A
0,0.0,2,True,8.679572275740833
1,0.1,2,True,8.961236210185277
2,0.2,2,True,9.40871008123408
3,0.3,2,True,10.219138591925464
4,0.4,2,True,11.1069454234141
5,0.5,2,True,12.111471705172656
6,0.6,2,True,13.133708456725708
7,0.7,2,True,13.998710857409705
8,0.8,2,True,14.871329284147441
9,0.9,2,True,15.789095899199962
10,1.0,2,True,16.66419591060853
11,1.1,2,True,17.486867253312163
12,1.2,2,True,18.531403321349483
13,1.3,2,True,19.65481415920979
14,1.4,2,True,20.587807996645598
15,1.5,2,True,21.604092851587453
16,1.6,2,True,22.596629970011872
17,1.7,2,True,23.418317240894908
18,1.8,2,True,24.353829307467276
19,1.9,2,True,25.266144111411165
20,2.0,2,True,26.174316898011412
21,2.1,2,True,27.07602385254177
22,2.2,2,True,28.171628860111905
23,2.3,2,True,29.01452945292482
24,2.4,2,True,29.94078668051094
25,2.5,2,True,30.87965502067495
26,2.6,2,True,31.72758325532013
27,2.7,2,True,32.6061573295379
28,2.8,2,True,33.45590697478429
29,2.9,2,True,34.27717922278921
30,3.0,2,True,35.12900537583254
31,3.1,2,True,35.90833185629491
32,3.2,2,True,36.74164938151247
33,3.3,2,True,37.64462053370744
34,3.4,2,True,38.359413911134034
35,3.5,2,True,39.17175477253448
36,3.6,2,True,40.08640344574151
37,3.7,2,True,40.76260382970061
38,3.8,2,True,41.5247416430836
39,3.9,2,True,42.40426595495069
40,4.0,2,True,43.0612355182153
41,4.1,2,True,43.82960559406925
42,4.2,2,True,44.79283140094133
43,4.3,2,True,45.72416586920059
44,4.4,2,True,46.729173099127586
45,4.5,2,True,47.68925567788526
46,4.6,2,True,48.61536352534309
47,4.7,2,True,49.51267955930034
48,4.8,2,True,50.39215209899591
49,4.9,2,True,51.29661874933891
50,5.0,2,True,52.23683662919293
51,5.1,2,True,53.12296134092295
52,5.2,2,True,53.99709007424828
53,5.3,2,True,54.954085161457414
54,5.4,2,True,55.86530036178599
55,5.5,2,True,56.633388107363515
56,5.6,2,True,57.47794453199984
57,5.7,2,True,58.421290479503696
58,5.8,2,True,59.25892970489116
59,5.9,2,True,59.93651752632678
60,6.0,2,True,60.787327285692626
61,6.1,2,True,61.74642329519615
62,6.2,2,True,62.83585651599558
63,6.3,2,True,63.88202633177694
64,6.4,2,True,64.94910385361041
65,6.5,2,True,66.14254304399809
66,6.6,2,True,67.24139623149038
67,6.7,2,True,68.27222352276685
68,6.8,2,True,69.20179611058167
69,6.9,2,True,70.30004494235155
70,7.0,2,True,71.4254552090169
71,7.1,2,True,72.5037753346984
72,7.2,2,True,73.60266995780137
73,7.3,2,True,74.6949734766626
74,7.4,2,True,75.83520290032124
75,7.5,2,True,77.03224355005644
76,7.6,2,True,78.13725081228154
77,7.7,2,True,79.12600239948976
78,7.8,2,True,80.20048078232635
79,7.9,2,True,81.27243522915657
80,8.0,2,True,82.33632412918784
81,8.1,2,True,83.37511839064521
82,8.2,2,True,84.70054874421125
83,8.3,2,True,85.90628786272875
84,8.4,2,True,87.19069215461161
85,8.5,2,True,88.45392489712602
86,8.6,2,True,89.74138388003803
87,8.7,2,True,90.84083454721078
88,8.8,2,True,92.00836937382098
89,8.9,2,True,93.12658806564035
90,9.0,2,True,94.37538598410967
91,9.1,2,True,95.50830727210236
92,9.2,2,True,96.6806870367703
93,9.3,2,True,97.9145988249295
94,9.4,2,True,99.11521822679869
95,9.5,2,True,100.2055258852251
96,9.6,2,True,101.23849120965315
97,9.7,2,True,102.42225226497443
98,9.8,2,True,103.54241569164094
99,9.9,2,True,104.62278224915737
100,10.0,2,True,105.61353777740455
101,10.1,2,True,106.88110401638909
102,10.2,2,True,108.16580248331434
103,10.3,2,True,109.57787703371434
104,10.4,2,True,110.87710153054475
105,10.5,2,True,112.08795237442074
106,10.6,2,True,113.28072030272337
107,10.7,2,True,114.37762588493852
108,10.8,2,True,115.6685154188351
109,10.9,2,True,116.77571140184143
110,11.0,2,True,117.94022546839616
111,11.1,2,True,118.95089768538631
112,11.2,2,True,119.95685474859427
113,11.3,2,True,121.00696409573274
114,11.4,2,True,121.87433548805787
115,11.5,2,True,122.85721645833358
116,11.6,2,True,123.84536734809994
117,11.7,2,True,124.66208347549326
118,11.8,2,True,125.54131861590801
119,11.9,2,True,126.31988273104452
120,12.0,2,True,127.16610533982607
121,12.1,2,True,128.2021626321595
122,12.2,2,True,129.17052606771628
123,12.3,2,True,130.37197742406508
124,12.4,2,True,131.3418374477953
125,12.5,2,True,132.3804373351694
126,12.6,2,True,133.21090681870166
127,12.7,2,True,134.2346453561785
128,12.8,2,True,135.15089273846598
129,12.9,2,True,136.20092023348806
130,13.0,2,True,136.93360221335058
131,13.1,2,True,137.8945940785708
132,13.2,2,True,138.71642230532063
133,13.3,2,True,139.61455747668333
134,13.4,2,True,140.46776687267968
135,13.5,2,True,141.3285389262576
136,13.6,2,True,142.22627822208793
137,13.7,2,True,143.04894825198394
138,13.8,2,True,143.82651084217875
139,13.9,2,True,144.52473017170882
140,14.0,2,True,145.24030275186448
141,14.1,2,True,146.0028127395176
142,14.2,2,True,146.75184464562727
143,14.3,2,True,147.55336852760664
144,14.4,2,True,148.45778032675878
145,14.5,2,True,149.20818570091416
146,14.6,2,True,150.022761976943
147,14.7,2,True,150.75343188304868
148,14.8,2,True,151.40623994482726
149,14.9,2,True,152.0886426631175
150,15.0,2,True,152.9346426988921
151,15.1,2,True,153.7361805727556
152,15.2,2,True,154.65103051180867
153,15.3,2,True,155.53507098348268
154,15.4,2,True,156.38445671347802
155,15.5,2,True,157.24518014134424
156,15.6,2,True,157.99982121812883
157,15.7,2,True,158.84057059961836
158,15.8,2,True,159.62730829795697
159,15.9,2,True,160.45534236076458
160,16.0,2,True,161.1328310028094
161,16.1,2,True,161.92796951649126
162,16.2,2,True,162.69845449005658
163,16.3,2,True,163.60746484647552
164,16.4,2,True,164.350851417081
165,16.5,2,True,165.2321672791689
166,16.6,2,True,166.02609340597522
167,16.7,2,True,166.91770335215082
168,16.8,2,True,167.59155619498137
169,16.9,2,True,168.33180209100146
170,17.0,2,True,169.00111329333149
171,17.1,2,True,169.80472439149455
172,17.2,2,True,170.579280409994
173,17.3,2,True,171.61123828492697
174,17.4,2,True,172.55627065146302
175,17.5,2,True,173.51659337582058
176,17.6,2,True,174.2466113610593
177,17.7,2,True,175.0942807124099
178,17.8,2,True,175.89532423615614
179,17.9,2,True,176.84220168761476
180,18.0,2,True,177.73177426590365
181,18.1,2,True,178.61478532903573
182,18.2,2,True,179.5749936840759
183,18.3,2,True,180.45882164968285
184,18.4,2,True,181.35569170291768
185,18.5,2,True,182.2093969965521
186,18.6,2,True,183.15723249473962
187,18.7,2,True,183.99937340159724
188,18.8,2,True,184.8941884760258
189,18.9,2,True,185.60011067150768
190,19.0,2,True,186.36524411188356
191,19.1,2,True,187.0528706002583
192,19.2,2,True,187.6663708258384
193,19.3,2,True,188.55313510534992
194,19.4,2,True,189.3525290723496
195,19.5,2,True,190.11249652255145
196,19.6,2,True,190.96649173023303
197,19.7,2,True,191.7263309335345
198,19.8,2,True,192.3285599524947
199,19.9,2,True,193.0217407462954
