Rg,asphericity,max_OO,coord_OO,n_hbond_pm,q_tet,max_OH,state,frame
4.454219244698878,0.2948153447683805,11.892794145141371,4.828620136217867,1.6,0.407074079288844,1.001815759325103,droplet-stable (n30),0
4.6123883738224345,0.2958292321488124,11.853742961596106,4.317116460529007,1.0,0.35789232459327075,1.0889351931324873,droplet-stable (n30),1
4.655627381630679,0.32140015940730515,12.892241468227983,4.436554277514617,1.0,0.2567720480205351,1.04859802966041,droplet-stable (n30),2
4.635773523802474,0.3069310510904412,13.415046618601178,4.479660219648062,1.1333333333333333,0.22817386929164082,1.0658725433441931,droplet-stable (n30),3
4.55659278860402,0.27535940152025445,13.069050576057931,4.595327885354291,1.0333333333333334,0.22000444647384873,1.085725767993109,droplet-stable (n30),4
4.55824305200052,0.23420834585589423,12.835711620364568,4.339857492940134,0.9333333333333333,0.2875954257928094,1.095846863688474,droplet-stable (n30),5
4.463977906080599,0.20978271431414972,12.394550210687566,4.60363783262325,1.0333333333333334,0.2643793479747047,1.0992859727822,droplet-stable (n30),6
4.395525979750237,0.21854199192980725,11.616146370529671,4.7769119492133525,1.0333333333333334,0.32027082566755877,1.0540599879637278,droplet-stable (n30),7
4.462992705746776,0.21034711587118293,11.50304529744823,4.463317831379848,1.0666666666666667,0.31325162260632883,1.0431845865804639,droplet-stable (n30),8
4.433141800627652,0.18482255863805397,11.531310199800963,4.51035007876301,1.0333333333333334,0.22160665126616866,1.0297070647815347,droplet-stable (n30),9
4.439040222062814,0.16656808154417568,11.436098026502721,4.446362591304302,1.1333333333333333,0.2571338579019085,1.0918221287526455,droplet-stable (n30),10
4.490083088894588,0.1512612163462256,11.561487026374122,4.336772710692688,1.0666666666666667,0.24644563947518716,1.0722671183548769,droplet-stable (n30),11
4.491892681315198,0.15944249397168098,11.549449090915239,4.3765012691431915,1.0333333333333334,0.26080629206558953,1.0522790013230598,droplet-stable (n30),12
4.465908238725806,0.1759105651611995,11.496649977047976,4.481165142000249,1.1333333333333333,0.3101279686527457,1.052517361311682,droplet-stable (n30),13
4.458794104027721,0.18813398952068172,11.427132528577474,4.550388293404923,0.9666666666666667,0.2843077789315978,1.0661796840941447,droplet-stable (n30),14
4.424702228517083,0.18092500967411748,11.433529625441114,4.615058870063704,1.1333333333333333,0.26323170435171167,1.0616564866495608,droplet-stable (n30),15
4.396610462134811,0.18174028754630053,11.062739788732475,4.710961038413781,1.0666666666666667,0.13628580137015986,1.0769645700629626,droplet-stable (n30),16
4.394609799805826,0.1842208988501297,11.468918706880176,4.697397500283615,0.8333333333333334,0.2438017953519997,1.03890493541042,droplet-stable (n30),17
4.472049122575467,0.16761363388751147,11.876563219901355,4.371992430449054,0.9333333333333333,0.1907000735550173,1.0370396698153572,droplet-stable (n30),18
4.447982742239025,0.18685547656456292,12.200813807309034,4.493836588978393,0.9666666666666667,0.20958908965690587,1.063467353498153,droplet-stable (n30),19
4.426678420746777,0.18653371249154094,11.810278374551254,4.639328568862349,1.0666666666666667,0.15228901100660314,1.046581087336949,droplet-stable (n30),20
4.430161940236098,0.17444517659050596,11.421011366514431,4.526148458413568,1.0,0.1767467428535505,1.1086617725861796,droplet-stable (n30),21
4.368196818202553,0.15803855801333339,11.560348894093865,4.608872238594423,0.8666666666666667,0.20870197104100374,1.0505679286514409,droplet-stable (n30),22
4.324631072561064,0.15514991758835955,11.794518296779524,4.651659337452774,0.9,0.2547064721831106,1.016451580402718,droplet-stable (n30),23
4.269760420471857,0.14807141138993737,11.427929652384718,4.772091572819469,0.9666666666666667,0.18964844152438556,1.0430173767070174,droplet-stable (n30),24
4.1992716952606015,0.1560763514798738,11.098683707376276,4.995554912924927,0.9333333333333333,0.21431896641996892,1.046065241526829,droplet-stable (n30),25
4.200394620636324,0.16046780246515943,11.069045398595932,4.951619000221146,0.9666666666666667,0.3015763603480783,1.0240915998536155,droplet-stable (n30),26
4.166010771971459,0.158315636784243,10.464927337364905,5.065505331813994,0.9666666666666667,0.32971874276882246,1.0399036460775346,droplet-stable (n30),27
4.169089633532342,0.13579036321717186,10.479327208164968,5.033930209090564,1.0333333333333334,0.3333761387047246,1.0815671151465542,droplet-stable (n30),28
4.178591389639191,0.12410742495899965,10.179268802775093,4.9224859721572924,1.1,0.2556672688815067,1.0365638939739998,droplet-stable (n30),29
4.454219244698878,0.2948153447683805,11.892794145141371,4.828620136217867,1.6,0.407074079288844,1.001815759325103,droplet-fragmenting (n30),0
4.667372118504682,0.2807204018021927,12.653050815458469,4.154161297529224,0.9666666666666667,0.29477345341800654,1.049483855208603,droplet-fragmenting (n30),1
4.801216251181523,0.27130963831269755,12.312321258429993,3.9055557380008468,1.0,0.28048823714661025,1.061201070793722,droplet-fragmenting (n30),2
4.780528838684234,0.2584617490728469,11.919450845803798,4.11237974947935,0.7333333333333333,0.23107987600462002,1.1045955776302858,droplet-fragmenting (n30),3
4.68995587845105,0.24679097984345744,12.583044699110014,4.34323643331899,0.9,0.20773623552786308,1.0704940825701952,droplet-fragmenting (n30),4
4.713225003697973,0.219176113211137,12.570643386942455,4.164924305910883,0.9333333333333333,0.1182658321202601,1.0439977327626198,droplet-fragmenting (n30),5
4.663622494521887,0.20282888680390812,12.590707270762595,4.339467716645069,0.8666666666666667,0.10616703618520787,1.077114869195008,droplet-fragmenting (n30),6
4.659116690141562,0.20190147927649923,12.955277317832286,4.398783794455568,0.9333333333333333,0.16682461739403096,1.0606847940603097,droplet-fragmenting (n30),7
4.6992139732985425,0.19743497058555057,12.886330070171075,4.233490954349418,0.8666666666666667,0.18123977054292262,1.0356079841564712,droplet-fragmenting (n30),8
4.710071496572025,0.18820748331459997,13.638642097416986,4.062103095752641,0.8666666666666667,0.18384352417352676,1.0441068722835667,droplet-fragmenting (n30),9
4.603704505089742,0.17605703697710673,13.630397407823393,4.365413278041524,0.8333333333333334,0.11189067859601365,1.0670630051376087,droplet-fragmenting (n30),10
4.512362799461864,0.15101536068322444,13.21029413360533,4.41760776867213,0.7666666666666667,0.12351346092812476,1.0199560534791647,droplet-fragmenting (n30),11
4.571103457550009,0.09724431603433892,13.166153954796346,3.9207509955649344,0.6666666666666666,0.1480987534296421,1.0384343748370743,droplet-fragmenting (n30),12
4.567483867569358,0.055878638937936674,12.657863922849067,3.8460594067136813,0.8666666666666667,0.1599248566312603,1.0722327322318592,droplet-fragmenting (n30),13
4.499998941836373,0.023215990811297455,11.415915233006919,3.907424322703261,0.6666666666666666,0.22032988752515703,1.0473960831851565,droplet-fragmenting (n30),14
4.438780207410422,0.05098344067365856,12.003296990269568,4.142668557863339,0.8,0.15957418157204728,1.0454419926171805,droplet-fragmenting (n30),15
4.368855256633875,0.10323740223603782,12.41496916279437,4.570104573568286,0.9,0.1229707770797785,1.0393708906711383,droplet-fragmenting (n30),16
4.500363159317078,0.1288610117209816,13.210922956048162,4.165698915594791,0.7,0.13507295661102686,1.04744555177926,droplet-fragmenting (n30),17
4.638290304283491,0.15969421037477835,14.440431862236744,3.840189933592142,0.8666666666666667,0.040805772077678895,1.0614471188642807,droplet-fragmenting (n30),18
4.595865918360482,0.20178379100765478,15.521923280521149,4.2056911810060535,0.7666666666666667,0.0627948060877298,1.0502065355939092,droplet-fragmenting (n30),19
4.6295837305839225,0.21736773632908962,16.10510616358933,4.204796991685973,0.7666666666666667,0.05015190273891742,1.049368015256301,droplet-fragmenting (n30),20
4.790933231207381,0.2097886442818307,16.53808596675569,3.779281357584367,0.7,0.08678960701372009,1.0437625939529525,droplet-fragmenting (n30),21
4.9070084228477455,0.2149907372561075,16.6014801464227,3.6145387147867214,0.7,0.008296139105034728,1.0405057465961203,droplet-fragmenting (n30),22
4.946379155117548,0.22140416539390814,16.408370499250626,3.5434113777012275,0.6333333333333333,0.05429358398324661,1.0507405321339944,droplet-fragmenting (n30),23
4.912098270816575,0.2425084209649233,16.149690040743483,3.658619922367985,0.7666666666666667,0.07669183522694341,1.048930034489038,droplet-fragmenting (n30),24
4.807876171520547,0.2712025073287957,16.627042402022724,4.151783116965722,0.7,0.08160244700697925,1.0323604530596429,droplet-fragmenting (n30),25
4.895284663744764,0.280827000472643,17.22140308673896,3.9294632849341107,0.6333333333333333,0.032334234193252494,1.0423691811891913,droplet-fragmenting (n30),26
4.954917214240033,0.2859166390341409,17.588626756443237,3.724519915199379,0.8666666666666667,0.0703936801998067,1.062145393259592,droplet-fragmenting (n30),27
4.953964643011915,0.2744256801253099,17.49096521976269,3.7291781116581593,0.8333333333333334,0.11957526237656756,1.0368996585569867,droplet-fragmenting (n30),28
4.894423814199321,0.29052045284191225,17.824489876092976,4.060046996926017,0.7,0.05935248834567889,1.0411179768617693,droplet-fragmenting (n30),29
4.992764435891451,0.1182566767901706,14.017062435418515,5.708873104777539,1.66,0.4645480939135579,1.0051432282538775,droplet-big (n50),0
5.122802201258901,0.09722997239645029,13.985212241049952,5.283234022172445,0.98,0.39735223362052513,1.0727369091868721,droplet-big (n50),1
5.193501718137839,0.08575942073572156,13.977649081896597,5.046313296652813,1.1,0.3720366549900065,1.0725148857454296,droplet-big (n50),2
5.172858639496624,0.07440649249440281,13.95351172345289,5.065233973186377,0.98,0.33539232703703803,1.0709647248221061,droplet-big (n50),3
5.150605219005378,0.08783246436828664,13.740702649420175,5.151432034612765,1.04,0.2983021185143717,1.0874822693493227,droplet-big (n50),4
5.127301107041391,0.10945882237115233,13.239816384064591,5.258662042583937,1.14,0.31248519678705416,1.0961925590020403,droplet-big (n50),5
5.1896641755696535,0.11657830573153513,13.668675680107224,5.143053343832166,1.08,0.33067856456325573,1.0893925251054668,droplet-big (n50),6
5.204055385892318,0.12332785048178445,13.89292389347062,5.083411354532992,0.96,0.33499394408243666,1.0695606657856722,droplet-big (n50),7
5.110835644338277,0.13014398502380342,13.969981765856812,5.347622872885012,1.14,0.3146208577340339,1.0613044335721977,droplet-big (n50),8
5.123302751242899,0.13425140256624235,13.744702385685292,5.298054903841066,0.98,0.30571040784416537,1.0908879918404275,droplet-big (n50),9
5.163845676279623,0.13140453461228907,13.353782616910609,5.147191273138592,1.02,0.32394712155731453,1.1067334551403494,droplet-big (n50),10
5.159866801068957,0.12573493021268878,13.414766242294103,5.100679271184868,1.18,0.3249725072488754,1.1079327606704101,droplet-big (n50),11
5.1328849648908355,0.12647569547952722,13.556141060903869,5.208490456394917,1.0,0.28736293263945195,1.1557771666416927,droplet-big (n50),12
5.059603450200071,0.13129942218508373,13.723867061871271,5.4552539342650315,1.12,0.27628372283959207,1.1122926075228978,droplet-big (n50),13
5.040748456193472,0.1293815690932033,13.57064533928423,5.426641265258131,0.94,0.3424027667704308,1.0581340273093245,droplet-big (n50),14
5.058570249559182,0.13636274233991508,14.031958923683467,5.410012706383692,1.08,0.2870858119834362,1.053652402281469,droplet-big (n50),15
5.150474821947019,0.1374933036700623,14.207090947114432,5.114031716244681,1.14,0.33253525767388736,1.0624665188445694,droplet-big (n50),16
5.189354714406823,0.14126263998725092,14.792637939940118,5.0815000737150795,1.02,0.2713810326374617,1.0693779339620355,droplet-big (n50),17
5.23777684846327,0.1537681160240168,14.249017473031648,4.949742677204622,1.16,0.28189054368718336,1.068731755830571,droplet-big (n50),18
5.242566347624709,0.191926262965899,14.07080086656819,4.991114629483616,1.18,0.3451653706013441,1.0663162374650277,droplet-big (n50),19
5.183801602908898,0.2248208133612821,13.897507083736603,5.197164966701187,1.04,0.36988492963900454,1.0350617046738422,droplet-big (n50),20
5.159349229939521,0.2355827849601808,13.740593155883882,5.256428440747713,1.16,0.369951428330059,1.0549195313329753,droplet-big (n50),21
5.1616049607904575,0.21462689259793155,13.813549012139339,5.144673874782471,1.06,0.35753335172365913,1.0558036524162098,droplet-big (n50),22
5.078782453486055,0.1803031766467709,13.340258985124356,5.326903132062573,1.24,0.3353055173267049,1.0700187796197052,droplet-big (n50),23
5.0559705074525185,0.15208168993272023,13.494037301326648,5.403261921670565,0.98,0.32377517540998163,1.067745035633554,droplet-big (n50),24
5.092748122418838,0.11812729246799389,13.77406766792092,5.215013253432805,1.08,0.25539076217783474,1.1238389412628107,droplet-big (n50),25
5.047884691059751,0.08329607406715707,13.80943880439622,5.267159188032237,1.12,0.2467291800594536,1.1096300599131825,droplet-big (n50),26
5.0277999120553725,0.07217182959603759,13.18738268412386,5.240673240741931,1.06,0.30366457853013634,1.0637200057023746,droplet-big (n50),27
4.969011907867426,0.07549836491178766,12.828172825321301,5.419003222505977,1.16,0.36241378179777634,1.0680874999262402,droplet-big (n50),28
4.950040201153364,0.08683292469680685,13.132368366199923,5.501039251562982,1.02,0.33003960133921284,1.0385708275777024,droplet-big (n50),29
1.6023716886975756,0.26135976673350164,2.7962893997690084,1.5741075035745815,1.0,,0.9751286073669916,cluster-drift (n3),0
1.772327023252267,0.39979346791120673,3.362263214619318,1.2873741457230798,0.0,,1.0125696852881922,cluster-drift (n3),1
1.883511503155883,0.6223280231494566,3.9897256762958584,1.1705233849244119,0.3333333333333333,,1.0472635845518787,cluster-drift (n3),2
2.017676103964001,0.7052176692742343,4.4247873594866345,1.0456496592889057,0.3333333333333333,,1.009745761704736,cluster-drift (n3),3
2.0770308641440396,0.7538286756293812,4.646587760396595,1.0143617489698247,0.6666666666666666,,1.0452212591716674,cluster-drift (n3),4
2.03329219323765,0.793609225537334,4.623648249328574,1.0953279142849865,0.0,,1.0416980752615121,cluster-drift (n3),5
2.2017176308364874,0.7620488591774142,4.939081057872381,0.8823231231267993,0.0,,0.9682845210981733,cluster-drift (n3),6
2.0597157049712553,0.8120145063790294,4.717024130030334,1.082337376192214,0.6666666666666666,,1.027130869349323,cluster-drift (n3),7
2.1342650626534594,0.7809561161826126,4.8247835157877255,0.9738144920029227,0.3333333333333333,,1.0040687998379298,cluster-drift (n3),8
2.212848126078667,0.7302161899199456,4.886320643072511,0.8377159826959036,0.3333333333333333,,1.0368086802764547,cluster-drift (n3),9
2.107530443007078,0.7695067475102815,4.745359487895983,0.9945138043457137,0.6666666666666666,,1.0563516083090032,cluster-drift (n3),10
2.105638134351797,0.695030361687521,4.603159744195352,0.9342041817999062,0.3333333333333333,,1.0026320907134156,cluster-drift (n3),11
1.8905410439114223,0.6441507816427697,4.043927224218476,1.1712545193571031,0.0,,1.0367595231227444,cluster-drift (n3),12
1.8708785652318052,0.32976912742703146,3.3633669384489266,1.1032693232322588,0.3333333333333333,,0.9928960669181601,cluster-drift (n3),13
1.6570699761929684,0.3165847318179451,2.9901805540551663,1.4849779345967857,0.3333333333333333,,1.0286598174067667,cluster-drift (n3),14
1.9369872491738134,0.5965058909151387,4.049753973633442,1.0823819409740638,0.0,,0.9883005870320845,cluster-drift (n3),15
2.180558793428318,0.6863741299923132,4.737106550661139,0.8348587358389771,0.3333333333333333,,1.0122762933913183,cluster-drift (n3),16
2.344914967232838,0.8442689097823757,5.404714552635339,0.8194623403094891,0.0,,1.0427674792615762,cluster-drift (n3),17
2.51979266754429,0.9439810824518902,6.053417401283762,0.778013907580004,0.0,,0.99955105691186,cluster-drift (n3),18
2.653795445146273,0.9683070071164069,6.404712316004194,0.7173446777371112,0.3333333333333333,,0.9814069299500933,cluster-drift (n3),19
2.7249873365722914,0.9876272744746807,6.645275298675989,0.65814149871286,0.3333333333333333,,1.0161525362099124,cluster-drift (n3),20
2.6783776072888585,0.9842283310504345,6.502705065353878,0.7174506005513162,0.3333333333333333,,1.0159333471209164,cluster-drift (n3),21
2.7625376976225824,0.9270774338400735,6.590497898087018,0.5578585827204116,0.0,,1.04576154320871,cluster-drift (n3),22
2.725685553741041,0.8772469530011399,6.329931499153385,0.5969302252013838,0.3333333333333333,,0.9814676244574425,cluster-drift (n3),23
2.637549519273926,0.8030954548264488,5.891011833541506,0.6060651497496788,0.0,,0.9919765682814506,cluster-drift (n3),24
2.61614799266276,0.7152630415573347,5.669723529283165,0.4981616303943264,0.0,,1.0120891551345972,cluster-drift (n3),25
2.4381951678795697,0.6638844379775879,5.072578445694675,0.6017979996053276,0.0,,1.0371997767534584,cluster-drift (n3),26
2.1605776796912757,0.5599257776567331,4.301732357165517,0.7599233784984474,0.0,,1.0295042283105291,cluster-drift (n3),27
1.9543808351261138,0.3317195778390184,3.5331271546234135,0.9555537935475674,0.3333333333333333,,0.9867232296290733,cluster-drift (n3),28
1.7112193540761051,0.5648154544960456,3.5293797915185876,1.3939307085279562,0.3333333333333333,,1.018935514693988,cluster-drift (n3),29
2.267776785966881,0.4492316876336232,4.406924794000658,0.5551938600855307,0.0,,0.9911331154417272,cluster-drift (n3),30
2.5256327715995575,0.4756051077570326,4.869662316977513,0.35334594967813154,0.0,,1.0058279339131606,cluster-drift (n3),31
2.559914021516996,0.5848295433701169,5.0263027984320825,0.44146838752344375,0.0,,1.0328638132668408,cluster-drift (n3),32
2.5726599074338967,0.7339058338051336,5.159240304035937,0.6351482747217864,0.0,,1.0014426365710845,cluster-drift (n3),33
2.765665807546935,0.6463873565888504,5.4608391258381745,0.40546307511478,0.0,,0.9929366704306434,cluster-drift (n3),34
2.9493220370577666,0.5842277353503242,5.79307019237314,0.2337159086582882,0.0,,0.9926901466824327,cluster-drift (n3),35
3.061631024724973,0.5799268794422774,6.057186868224249,0.1864655592071133,0.0,,0.9926118040085132,cluster-drift (n3),36
3.054520682145054,0.636168613574438,6.232028513531289,0.2345309380883772,0.0,,1.0341266361691213,cluster-drift (n3),37
2.9969939041684595,0.738520886627276,6.208026735582116,0.44239485732579104,0.0,,1.022135316068489,cluster-drift (n3),38
2.9825347297311864,0.7858706294272738,6.2422636185463745,0.5448323490958948,0.0,,1.013373404498716,cluster-drift (n3),39
3.1267489956308703,0.6793959172191353,6.503795676447728,0.2544143378455626,0.0,,1.0022286556202098,cluster-drift (n3),40
3.220604336497429,0.6557370515064496,6.692743560974114,0.18561868631587253,0.0,,0.9897627413238388,cluster-drift (n3),41
3.105943104839867,0.6982242890634569,6.605678138908672,0.2565491229318759,0.0,,1.0380297560656457,cluster-drift (n3),42
3.0198943182739884,0.759295608191765,6.5931256927361,0.36793054531069275,0.0,,1.0244635795093564,cluster-drift (n3),43
2.8703751304221714,0.8724185555443327,6.570871848025632,0.5866784528531976,0.0,,0.9851721704377226,cluster-drift (n3),44
2.890905982721391,0.8756803032060494,6.745305220784349,0.44955413887497614,0.0,,0.9933058592283557,cluster-drift (n3),45
2.812116882472823,0.9242753822413036,6.694119839064792,0.5328028172997534,0.0,,0.9872156829402081,cluster-drift (n3),46
2.9109546452915147,0.9404815225111647,6.900245155659629,0.5971509786186309,0.0,,1.0305215826083076,cluster-drift (n3),47
3.2124480430989246,0.9367944059751755,7.697566555494034,0.2807669783330538,0.0,,1.0213705143268563,cluster-drift (n3),48
3.4523935990807972,0.937446672420142,8.250976677709327,0.2321651082587974,0.0,,0.9858054598802563,cluster-drift (n3),49
3.5878473489861564,0.9497890259364192,8.430054344097856,0.4793280269910185,0.0,,0.9960135531286375,cluster-drift (n3),50
4.012997788688523,0.9398206572879136,9.276725262063726,0.4512168168322988,0.0,,1.0031521064898314,cluster-drift (n3),51
4.504060245526727,0.888213239100289,10.323867332521237,0.13561630721004178,0.0,,0.9995975536592779,cluster-drift (n3),52
4.913568577786236,0.842292008080059,11.051251559047987,0.0586001352378295,0.0,,1.0020905082712834,cluster-drift (n3),53
5.330155333112182,0.8295238829063531,11.901696863239453,0.034795315389294625,0.0,,1.025204808073653,cluster-drift (n3),54
5.692597734431488,0.8162855999537638,12.596857986857547,0.023035299084291624,0.0,,1.0150430622357347,cluster-drift (n3),55
6.0216728975454075,0.8192049422390613,13.265198627611719,0.0192343591718732,0.0,,0.9722691423042459,cluster-drift (n3),56
6.351473739708159,0.8289583898241154,13.973313648942977,0.017286936228759077,0.0,,0.9718966282976091,cluster-drift (n3),57
6.658418671596506,0.8284576734172353,14.4968439955827,0.01567469711553608,0.0,,0.9677682714299626,cluster-drift (n3),58
6.95692471065995,0.8432157449504281,15.078068656767728,0.017318495885063998,0.0,,0.9729326568506921,cluster-drift (n3),59
7.263098256812992,0.853430312944213,15.68731153025715,0.017437336011580176,0.0,,0.9830578369807984,cluster-drift (n3),60
7.5437347479711345,0.8719514511840596,16.3366597667961,0.020472421411493833,0.0,,1.0229418468050873,cluster-drift (n3),61
7.8018541275047,0.8897819392349393,16.784535261204223,0.029063156289921708,0.0,,1.0042482856738566,cluster-drift (n3),62
8.089201892321327,0.8986167368564897,17.325314574450616,0.031872855771947026,0.0,,0.9976425014064908,cluster-drift (n3),63
8.323149112472574,0.9131370125850675,17.770772146635302,0.04429335504596441,0.0,,0.9831342244981472,cluster-drift (n3),64
8.6109964635224,0.9281116734794627,18.302315921292458,0.06596284649126827,0.0,,0.9867852383133733,cluster-drift (n3),65
8.822262750665772,0.945877175256533,18.665302449332025,0.1305877999609181,0.0,,0.9963859563728421,cluster-drift (n3),66
9.037500173117241,0.9686900546482484,19.091986757712952,0.38090268105043384,0.0,,0.9982854586049837,cluster-drift (n3),67
9.344686050917288,0.9743888397394491,19.821764538845855,0.4521018535498757,0.0,,1.0168720189623346,cluster-drift (n3),68
9.675263807712817,0.9525262624969428,20.775286743670726,0.10017159306735557,0.0,,1.00251752315861,cluster-drift (n3),69
10.083209449901327,0.9268904182314708,21.788459241056675,0.02075594638547455,0.0,,0.9926675064194116,cluster-drift (n3),70
10.495456212431774,0.9040066096226966,22.80062076816755,0.006604582069332145,0.0,,0.988982175009708,cluster-drift (n3),71
10.879312787455763,0.8788352344716931,23.76569098510764,0.002367930713656808,0.0,,0.9733248214395728,cluster-drift (n3),72
11.325766565702859,0.8546772413024273,24.793341895129334,0.0010112428278343192,0.0,,0.9605979513990469,cluster-drift (n3),73
11.776076483994869,0.8290666852553266,25.767289312289336,0.0004776012890047843,0.0,,0.959979401089087,cluster-drift (n3),74
12.233751248414192,0.8078489336962428,26.79048132625016,0.00025336254441090446,0.0,,0.9816358050973927,cluster-drift (n3),75
12.643640771688046,0.7851999698639902,27.630072478185365,0.0001477099348281757,0.0,,0.9958577510332155,cluster-drift (n3),76
13.14014790740476,0.7614813301392842,28.647727554459365,8.474514522126477e-05,0.0,,0.9944537497044511,cluster-drift (n3),77
13.55144587302919,0.7465546884304547,29.56293221054376,5.577858758751777e-05,0.0,,0.9918640989734742,cluster-drift (n3),78
14.05678194877038,0.7325256463089589,30.64392438165309,3.7165010546560174e-05,0.0,,0.9845714146632653,cluster-drift (n3),79
14.52497162784022,0.715218148867634,31.580037679903512,2.545770984052108e-05,0.0,,0.9845204674754313,cluster-drift (n3),80
14.98528036263716,0.7040773172064887,32.5617553889161,1.842242107570648e-05,0.0,,0.9918606978019459,cluster-drift (n3),81
15.488433664565159,0.6911681687676067,33.5568398470627,1.3619809532255508e-05,0.0,,1.0008434103407875,cluster-drift (n3),82
15.999987158177323,0.6753704813732037,34.52254159730171,1.0052281398144976e-05,0.0,,1.0076134514673651,cluster-drift (n3),83
16.45586348395587,0.6654591256910604,35.43260549189568,7.875696295842749e-06,0.0,,1.0089431793617314,cluster-drift (n3),84
16.899533908645964,0.6573135806272682,36.30120123390963,6.413024951195808e-06,0.0,,1.0057616648409213,cluster-drift (n3),85
17.411505771580238,0.6480666007737385,37.28881310659494,5.128959551882075e-06,0.0,,1.000622272592756,cluster-drift (n3),86
17.85901920657913,0.643329862729437,38.18837232060139,4.308367369207081e-06,0.0,,0.9896656150238634,cluster-drift (n3),87
18.347416337638066,0.6396038926521582,39.17247387429904,3.624868779593558e-06,0.0,,0.9905162632129453,cluster-drift (n3),88
18.79447628959819,0.6298916391765849,39.949590688462585,3.07354277573145e-06,0.0,,0.9916959045903133,cluster-drift (n3),89
19.291983157495416,0.6286266873455996,40.96533373345672,2.64085124827409e-06,0.0,,0.9758893974400494,cluster-drift (n3),90
19.74746516915333,0.625963738421949,41.85889940277404,2.303484302959428e-06,0.0,,0.9537329464470452,cluster-drift (n3),91
20.285941119148138,0.621547535393991,42.87305032483891,1.970448179152668e-06,0.0,,0.9487318079292918,cluster-drift (n3),92
20.69768879647409,0.6205813474760347,43.66779379471335,1.7780687694425085e-06,0.0,,0.9479266372836069,cluster-drift (n3),93
21.16873872617152,0.619845227120214,44.59777401974509,1.5765219543808583e-06,0.0,,0.9569358584075883,cluster-drift (n3),94
21.654288038638924,0.615405910214706,45.473465710136026,1.3834248467347866e-06,0.0,,0.965879073374489,cluster-drift (n3),95
22.12312212735827,0.6168176028885883,46.40700919841671,1.2514202686203327e-06,0.0,,0.9778461431101995,cluster-drift (n3),96
22.56077226754733,0.6154551656667699,47.24702578141719,1.1234997771164665e-06,0.0,,0.9852727584953125,cluster-drift (n3),97
23.02892461018292,0.613938616526751,48.10999995723724,1.0109711581416346e-06,0.0,,0.9882099335469765,cluster-drift (n3),98
23.45233597555519,0.6174055891819712,48.987827527455316,9.364458132742614e-07,0.0,,0.9895584586468854,cluster-drift (n3),99
23.92714223076405,0.6161406033760747,49.855293147978564,8.458867676168374e-07,0.0,,0.9948650640240555,cluster-drift (n3),100
24.389037017489443,0.6153638092954496,50.745902871449786,7.61315909683015e-07,0.0,,1.000482201726529,cluster-drift (n3),101
24.854824573690298,0.6132647387440539,51.565359368291944,6.888862338501809e-07,0.0,,0.9991221113075028,cluster-drift (n3),102
25.29423934419745,0.616034049625579,52.463684646601884,6.367891186243052e-07,0.0,,1.0049831769766702,cluster-drift (n3),103
25.71139475176978,0.6176627334819577,53.31185543444801,5.873861547535859e-07,0.0,,1.000429957507349,cluster-drift (n3),104
26.175047626726176,0.6168588048840628,54.178104178708416,5.333628991379403e-07,0.0,,0.9936135406019646,cluster-drift (n3),105
26.542160890407025,0.6184127489172296,54.89334469053289,5.011275736689367e-07,0.0,,0.984352392146778,cluster-drift (n3),106
26.977685870699602,0.6197463455273515,55.7121905718644,4.661169681482774e-07,0.0,,0.9903368796290607,cluster-drift (n3),107
27.358885755164113,0.6206002816284205,56.48410341465943,4.32691746338849e-07,0.0,,0.9852264086846673,cluster-drift (n3),108
27.77649220997321,0.6205608872748026,57.250333496644124,4.009167766936388e-07,0.0,,0.9786088783566419,cluster-drift (n3),109
28.175406510843608,0.6199951019472428,58.002496073450054,3.7011716217313005e-07,0.0,,0.9657310825205705,cluster-drift (n3),110
28.561892806927325,0.6228116780738582,58.799174496197466,3.492313514098704e-07,0.0,,0.975535836439389,cluster-drift (n3),111
28.957587880553067,0.6240696872582939,59.548526258711696,3.279603049832323e-07,0.0,,0.9853128011802227,cluster-drift (n3),112
29.328688967681497,0.6250742240863132,60.27968382358468,3.077443969742657e-07,0.0,,0.9921900458857951,cluster-drift (n3),113
29.750947440243447,0.6247232915019064,61.02532089816767,2.860284479962654e-07,0.0,,0.9922843979037302,cluster-drift (n3),114
30.13196431121209,0.6256897678306373,61.755590242591005,2.6882360575843404e-07,0.0,,0.9900962600727141,cluster-drift (n3),115
30.48160843266526,0.6267541331184535,62.43135791234537,2.543053574875196e-07,0.0,,0.9827178215318897,cluster-drift (n3),116
30.822763281710987,0.6255904680830897,63.06509687475303,2.3730932269800512e-07,0.0,,0.982473810366765,cluster-drift (n3),117
31.189592620408376,0.6292139214043448,63.79901790053124,2.282704135305815e-07,0.0,,0.971293456352089,cluster-drift (n3),118
31.55319517892968,0.6303306542520591,64.50711266665465,2.157558790971572e-07,0.0,,0.9598652306864227,cluster-drift (n3),119
31.875070273421084,0.6322947110632386,65.17336444627564,2.0622883393345285e-07,0.0,,0.9612069661784355,cluster-drift (n3),120
32.258236855759776,0.6305327313105672,65.86753458060208,1.9083054460153263e-07,0.0,,0.9658561876488343,cluster-drift (n3),121
32.589183046026065,0.6309874970585728,66.46761573020996,1.8149403976454325e-07,0.0,,0.9774835216125558,cluster-drift (n3),122
32.973018742044786,0.6323223999967715,67.22106988896999,1.715469380568879e-07,0.0,,0.9848177192514748,cluster-drift (n3),123
33.23919645065544,0.635406159434174,67.80180382083267,1.6718828121743295e-07,0.0,,0.9893089249582486,cluster-drift (n3),124
33.58508556221952,0.6358824003363139,68.48766636630666,1.5803268769120745e-07,0.0,,0.9862868247589436,cluster-drift (n3),125
33.910720788469675,0.6354647369611582,69.11657971131538,1.490758724615954e-07,0.0,,0.9856072752305551,cluster-drift (n3),126
34.185730617017796,0.6362992254439641,69.59675609567485,1.4400499689092988e-07,0.0,,0.9882813429861764,cluster-drift (n3),127
34.53000939258394,0.6387584371735023,70.31353988169325,1.3827243999276974e-07,0.0,,0.984219107305485,cluster-drift (n3),128
34.795251733663264,0.6399333414177122,70.88645791579519,1.3303880739800987e-07,0.0,,0.9825854986433481,cluster-drift (n3),129
35.16012440835387,0.6388868369064731,71.56085668476024,1.2454529895357882e-07,0.0,,0.9800050637917509,cluster-drift (n3),130
35.4554743200272,0.640561768834003,72.192300028323,1.1986229334798453e-07,0.0,,0.9762008863952795,cluster-drift (n3),131
35.763438638929266,0.641381865922978,72.755807404341,1.1516222835674537e-07,0.0,,0.9745358383374292,cluster-drift (n3),132
36.10939457398361,0.6425812866987984,73.44665677449716,1.0992414206960193e-07,0.0,,0.9792936952524363,cluster-drift (n3),133
36.39279468688499,0.6418451851875784,73.95071917616696,1.0478052065323841e-07,0.0,,0.9819728754486041,cluster-drift (n3),134
36.67091794647403,0.6435343532597375,74.55699288071725,1.0125726557832269e-07,0.0,,0.9739740632975821,cluster-drift (n3),135
36.99685528254988,0.6438262332173457,75.18484795104396,9.649846152590562e-08,0.0,,0.9670205732800685,cluster-drift (n3),136
37.276347696724095,0.6436959941816408,75.66584683976954,9.268438661232e-08,0.0,,0.9782969075692615,cluster-drift (n3),137
37.553569050202896,0.6454045883770726,76.25901245300587,8.97758394989744e-08,0.0,,0.9828819030877061,cluster-drift (n3),138
37.80685581460448,0.6450768342739296,76.72240610075986,8.627389408895021e-08,0.0,,0.9761609841520998,cluster-drift (n3),139
38.09559465172066,0.6464929516531047,77.29650788288173,8.349301957754067e-08,0.0,,0.9786174515020135,cluster-drift (n3),140
38.439811204271784,0.6457353781921128,77.92814952549004,7.892391207904421e-08,0.0,,0.9788092253230034,cluster-drift (n3),141
38.69567854033021,0.6478028291554554,78.49257887147556,7.698252983715397e-08,0.0,,0.9820497706418329,cluster-drift (n3),142
38.98008754835945,0.6491805622258979,79.02308323837475,7.476212829221568e-08,0.0,,0.9709191682258485,cluster-drift (n3),143
39.270943121041846,0.6517034404955567,79.66491802716223,7.285422638279045e-08,0.0,,0.967655098503835,cluster-drift (n3),144
39.560280199668895,0.6514377994515134,80.19858140436105,6.97716354767114e-08,0.0,,0.9721166707935867,cluster-drift (n3),145
39.83181212175709,0.6527207298462622,80.72925682466332,6.779341314953271e-08,0.0,,0.9714538358967811,cluster-drift (n3),146
40.14353614624891,0.653440055629531,81.33264733568095,6.520516717451723e-08,0.0,,0.9712892084843765,cluster-drift (n3),147
40.34562812734798,0.6546417166204302,81.74970005725655,6.391031821722604e-08,0.0,,0.975412900573601,cluster-drift (n3),148
40.61690633791805,0.6559429315963564,82.2808970218126,6.215729296529514e-08,0.0,,0.9778187804729491,cluster-drift (n3),149
40.92232142064314,0.6572796234001254,82.90047010038816,6.01249745827795e-08,0.0,,0.9792553721691044,cluster-drift (n3),150
41.18104035950904,0.6579034184347667,83.37793917877669,5.835361174732176e-08,0.0,,0.9789413068847302,cluster-drift (n3),151
41.46374103710877,0.6573756945819468,83.83598752653691,5.6065434791008175e-08,0.0,,0.9800319629754757,cluster-drift (n3),152
41.746863367645034,0.6573002540129199,84.337102132744,5.3969595165477144e-08,0.0,,0.9814279071568522,cluster-drift (n3),153
41.997416925871896,0.6572515595446505,84.78513281681735,5.218346639521404e-08,0.0,,0.9808053226933319,cluster-drift (n3),154
42.30072277958485,0.6579049225227354,85.37290713987852,5.031894503334379e-08,0.0,,0.9807555474955482,cluster-drift (n3),155
42.534729427478965,0.6575865080432328,85.76619582100614,4.871268842854647e-08,0.0,,0.976186282080881,cluster-drift (n3),156
42.818801158914184,0.6586525561605829,86.27255436045208,4.737201059142831e-08,0.0,,0.9773671960087223,cluster-drift (n3),157
43.05123100735872,0.6589630346314361,86.67729027885525,4.6098923054513565e-08,0.0,,0.9781065637334004,cluster-drift (n3),158
43.28805535276549,0.6574579054855847,87.06983156708618,4.417280213160013e-08,0.0,,0.9775701216005951,cluster-drift (n3),159
43.57040929496737,0.6566928407660588,87.51747182752527,4.239234574628058e-08,0.0,,0.9748862619992825,cluster-drift (n3),160
43.8228051602443,0.6567226235733263,87.94515076835829,4.107279938976933e-08,0.0,,0.9723580035792377,cluster-drift (n3),161
44.13206249051118,0.6579207510249057,88.52034807676856,3.984179863008153e-08,0.0,,0.9648292374384952,cluster-drift (n3),162
44.40685677875222,0.6576963114210395,88.98421769404858,3.841937816454459e-08,0.0,,0.9658607579283474,cluster-drift (n3),163
44.627018923918016,0.6553447664940589,89.26955862565458,3.6734281485019725e-08,0.0,,0.9683931760356808,cluster-drift (n3),164
44.93792590452022,0.654453131512552,89.79243340216796,3.5072332118956266e-08,0.0,,0.975611081710811,cluster-drift (n3),165
45.18681649535348,0.6549102464320739,90.20270947092267,3.413949519487346e-08,0.0,,0.9743190021491132,cluster-drift (n3),166
45.45677974876355,0.654202064588014,90.62272219871966,3.284662614927346e-08,0.0,,0.9743756320603972,cluster-drift (n3),167
45.69324284362379,0.6539033229801077,91.00798792045039,3.182686894505809e-08,0.0,,0.9775757601540699,cluster-drift (n3),168
45.89162491884451,0.6523204287341435,91.26630598159502,3.07036587344049e-08,0.0,,0.9757947602203485,cluster-drift (n3),169
46.18620307690486,0.6527574624915116,91.77830768845816,2.969938797606328e-08,0.0,,0.9692793765565304,cluster-drift (n3),170
46.457058966096035,0.6520641892812709,92.16235931723571,2.8599747172414642e-08,0.0,,0.9722316303043753,cluster-drift (n3),171
46.71643529193854,0.650872520675167,92.58203159550801,2.7441517250675715e-08,0.0,,0.9666988764211613,cluster-drift (n3),172
46.993990324218146,0.6511943738835584,92.99998209244349,2.661014096557758e-08,0.0,,0.9705102520034498,cluster-drift (n3),173
47.24822722403457,0.6508388414396168,93.40989258600781,2.572523008636422e-08,0.0,,0.9731581659298151,cluster-drift (n3),174
47.52704740152612,0.6479854443619653,93.77300932561641,2.4338948821184602e-08,0.0,,0.972240161839782,cluster-drift (n3),175
47.8058331324825,0.6487923713788175,94.25081671738995,2.3670693373849822e-08,0.0,,0.9706116390617445,cluster-drift (n3),176
48.093226563450465,0.6490141401358602,94.70141956039267,2.2903778831865026e-08,0.0,,0.9657835930584902,cluster-drift (n3),177
48.30827774450374,0.647942971852467,95.02478600955374,2.2134308495107815e-08,0.0,,0.9653925175757876,cluster-drift (n3),178
48.58726429773604,0.6463899703850108,95.3889235141155,2.1159788274723113e-08,0.0,,0.9656711240294874,cluster-drift (n3),179
48.80678624558103,0.6467022153577646,95.76071740984806,2.065390023062612e-08,0.0,,0.968764245820677,cluster-drift (n3),180
49.08566062516332,0.6463186488803373,96.15244383150088,1.9920313264960343e-08,0.0,,0.9721066625693565,cluster-drift (n3),181
49.35517862773049,0.6452877677780554,96.47975448361478,1.9143020320754084e-08,0.0,,0.9735187785143129,cluster-drift (n3),182
49.58522686240986,0.6441726385287958,96.77353035464931,1.8468784630810773e-08,0.0,,0.9789790945225118,cluster-drift (n3),183
49.836519362769366,0.6439387661184699,97.12816110692808,1.789004632000333e-08,0.0,,0.9710179346345795,cluster-drift (n3),184
50.10955795137383,0.6429376463580966,97.53930636643675,1.7185752615346007e-08,0.0,,0.9686228374124233,cluster-drift (n3),185
50.381789431103705,0.6406934242688371,98.09249382229535,1.636111340872624e-08,0.0,,0.9685291638812906,cluster-drift (n3),186
50.62539748118033,0.6417288256698112,98.74380470650928,1.6012108998924804e-08,0.0,,0.9672020432001653,cluster-drift (n3),187
50.85672224678122,0.6410800341199796,99.29772814004585,1.5500070983072645e-08,0.0,,0.9688619365681015,cluster-drift (n3),188
51.10806535699752,0.6399629747825558,99.83052972156598,1.4921035679556544e-08,0.0,,0.9697921886036412,cluster-drift (n3),189
51.37526088768071,0.6381282116832288,100.44648183225817,1.4259024107484426e-08,0.0,,0.9737899498454229,cluster-drift (n3),190
51.63539993356803,0.6372389189489165,101.01497004886009,1.3737651102284195e-08,0.0,,0.9747476636401983,cluster-drift (n3),191
51.877918048399906,0.6362286871361401,101.58469659282135,1.3248707888527375e-08,0.0,,0.9723909548721696,cluster-drift (n3),192
52.16073965552247,0.6337660123456541,102.24911193254162,1.258086467672001e-08,0.0,,0.9714983429188158,cluster-drift (n3),193
52.37144066634721,0.6327077956676928,102.71086011891329,1.2179369549425823e-08,0.0,,0.9694126512441106,cluster-drift (n3),194
52.60727670972557,0.6316636821195635,103.25653763460475,1.1754991838937604e-08,0.0,,0.9715106122775814,cluster-drift (n3),195
52.83503867658125,0.6281061780779893,103.70284629996972,1.1159745164145028e-08,0.0,,0.9713866340878649,cluster-drift (n3),196
53.103242528660324,0.6269046542947685,104.29746599906372,1.0723229822915512e-08,0.0,,0.969502989344267,cluster-drift (n3),197
53.32471922487859,0.6266579454588265,104.86605397199095,1.0422641592863605e-08,0.0,,0.9725409250246315,cluster-drift (n3),198
53.502951705687714,0.6254748472544911,105.25117967770909,1.0123723214974263e-08,0.0,,0.9713011848670157,cluster-drift (n3),199
0.0,,0.0,0.0,0.0,,0.9591839322316138,monomer-dissoc (n1),0
0.0,,0.0,0.0,0.0,,0.9621908831372106,monomer-dissoc (n1),1
0.0,,0.0,0.0,0.0,,0.9875310113008688,monomer-dissoc (n1),2
0.0,,0.0,0.0,0.0,,1.0346129731865825,monomer-dissoc (n1),3
0.0,,0.0,0.0,0.0,,0.9144114162578874,monomer-dissoc (n1),4
0.0,,0.0,0.0,0.0,,1.0364159806753348,monomer-dissoc (n1),5
0.0,,0.0,0.0,0.0,,0.9268731426362369,monomer-dissoc (n1),6
0.0,,0.0,0.0,0.0,,1.0521268015170087,monomer-dissoc (n1),7
0.0,,0.0,0.0,0.0,,0.9840904279390277,monomer-dissoc (n1),8
0.0,,0.0,0.0,0.0,,0.9960065403626094,monomer-dissoc (n1),9
0.0,,0.0,0.0,0.0,,1.0396373547126152,monomer-dissoc (n1),10
0.0,,0.0,0.0,0.0,,0.9797545236522504,monomer-dissoc (n1),11
0.0,,0.0,0.0,0.0,,0.9981364814312695,monomer-dissoc (n1),12
0.0,,0.0,0.0,0.0,,0.9730500263121766,monomer-dissoc (n1),13
0.0,,0.0,0.0,0.0,,1.0075477003893423,monomer-dissoc (n1),14
0.0,,0.0,0.0,0.0,,1.0213294544119316,monomer-dissoc (n1),15
0.0,,0.0,0.0,0.0,,1.0349741436071724,monomer-dissoc (n1),16
0.0,,0.0,0.0,0.0,,1.0325847289171948,monomer-dissoc (n1),17
0.0,,0.0,0.0,0.0,,1.0302288533614572,monomer-dissoc (n1),18
0.0,,0.0,0.0,0.0,,1.0104171474426786,monomer-dissoc (n1),19
0.0,,0.0,0.0,0.0,,0.9769802252285409,monomer-dissoc (n1),20
0.0,,0.0,0.0,0.0,,0.9785576335010953,monomer-dissoc (n1),21
0.0,,0.0,0.0,0.0,,1.0367088166602383,monomer-dissoc (n1),22
0.0,,0.0,0.0,0.0,,1.0567599068505433,monomer-dissoc (n1),23
0.0,,0.0,0.0,0.0,,1.0155360188062352,monomer-dissoc (n1),24
0.0,,0.0,0.0,0.0,,0.96171248840611,monomer-dissoc (n1),25
0.0,,0.0,0.0,0.0,,0.9837305632344197,monomer-dissoc (n1),26
0.0,,0.0,0.0,0.0,,1.0519338544908132,monomer-dissoc (n1),27
0.0,,0.0,0.0,0.0,,1.0365252669662077,monomer-dissoc (n1),28
0.0,,0.0,0.0,0.0,,0.9973409386497181,monomer-dissoc (n1),29
0.0,,0.0,0.0,0.0,,0.978094334317699,monomer-dissoc (n1),30
0.0,,0.0,0.0,0.0,,1.0583034926637602,monomer-dissoc (n1),31
0.0,,0.0,0.0,0.0,,1.003504328440261,monomer-dissoc (n1),32
0.0,,0.0,0.0,0.0,,1.0268542250952717,monomer-dissoc (n1),33
0.0,,0.0,0.0,0.0,,1.0716685281964051,monomer-dissoc (n1),34
0.0,,0.0,0.0,0.0,,1.017672200160593,monomer-dissoc (n1),35
0.0,,0.0,0.0,0.0,,1.1236438501245418,monomer-dissoc (n1),36
0.0,,0.0,0.0,0.0,,1.0243439986278893,monomer-dissoc (n1),37
0.0,,0.0,0.0,0.0,,1.1742077490856102,monomer-dissoc (n1),38
0.0,,0.0,0.0,0.0,,0.9982427192419909,monomer-dissoc (n1),39
0.0,,0.0,0.0,0.0,,0.9994275278295127,monomer-dissoc (n1),40
0.0,,0.0,0.0,0.0,,1.194168122718801,monomer-dissoc (n1),41
0.0,,0.0,0.0,0.0,,2.1423502931792466,monomer-dissoc (n1),42
0.0,,0.0,0.0,0.0,,11.426586405995856,monomer-dissoc (n1),43
0.0,,0.0,0.0,0.0,,19.88767769531085,monomer-dissoc (n1),44
0.0,,0.0,0.0,0.0,,27.796104799158467,monomer-dissoc (n1),45
0.0,,0.0,0.0,0.0,,35.22096208701001,monomer-dissoc (n1),46
0.0,,0.0,0.0,0.0,,42.224995851493794,monomer-dissoc (n1),47
0.0,,0.0,0.0,0.0,,48.86464086131861,monomer-dissoc (n1),48
0.0,,0.0,0.0,0.0,,55.19034190836049,monomer-dissoc (n1),49
0.0,,0.0,0.0,0.0,,61.24691015204645,monomer-dissoc (n1),50
0.0,,0.0,0.0,0.0,,71.95329353901211,monomer-dissoc (n1),51
0.0,,0.0,0.0,0.0,,82.86342125886982,monomer-dissoc (n1),52
0.0,,0.0,0.0,0.0,,92.95075764379237,monomer-dissoc (n1),53
0.0,,0.0,0.0,0.0,,102.31072895913547,monomer-dissoc (n1),54
0.0,,0.0,0.0,0.0,,111.03013260654609,monomer-dissoc (n1),55
0.0,,0.0,0.0,0.0,,119.18773802210778,monomer-dissoc (n1),56
0.0,,0.0,0.0,0.0,,126.85481525500678,monomer-dissoc (n1),57
0.0,,0.0,0.0,0.0,,134.09560278412027,monomer-dissoc (n1),58
0.0,,0.0,0.0,0.0,,140.96773174770098,monomer-dissoc (n1),59
0.0,,0.0,0.0,0.0,,147.52262482258362,monomer-dissoc (n1),60
0.0,,0.0,0.0,0.0,,157.86314628955012,monomer-dissoc (n1),61
0.0,,0.0,0.0,0.0,,168.2018820022145,monomer-dissoc (n1),62
0.0,,0.0,0.0,0.0,,177.7754046369209,monomer-dissoc (n1),63
0.0,,0.0,0.0,0.0,,186.67357159975418,monomer-dissoc (n1),64
0.0,,0.0,0.0,0.0,,194.97802865619926,monomer-dissoc (n1),65
0.0,,0.0,0.0,0.0,,202.76277637592685,monomer-dissoc (n1),66
0.0,,0.0,0.0,0.0,,210.09466396073603,monomer-dissoc (n1),67
0.0,,0.0,0.0,0.0,,217.03382843696536,monomer-dissoc (n1),68
0.0,,0.0,0.0,0.0,,223.63409818190715,monomer-dissoc (n1),69
0.0,,0.0,0.0,0.0,,229.94337866009633,monomer-dissoc (n1),70
0.0,,0.0,0.0,0.0,,239.56642483421626,monomer-dissoc (n1),71
0.0,,0.0,0.0,0.0,,249.1440365767039,monomer-dissoc (n1),72
0.0,,0.0,0.0,0.0,,258.02308161455625,monomer-dissoc (n1),73
0.0,,0.0,0.0,0.0,,266.28635028596995,monomer-dissoc (n1),74
0.0,,0.0,0.0,0.0,,274.00901101149856,monomer-dissoc (n1),75
0.0,,0.0,0.0,0.0,,281.25912621257623,monomer-dissoc (n1),76
0.0,,0.0,0.0,0.0,,288.09810359997044,monomer-dissoc (n1),77
0.0,,0.0,0.0,0.0,,294.5811008959019,monomer-dissoc (n1),78
0.0,,0.0,0.0,0.0,,300.7574021244458,monomer-dissoc (n1),79
0.0,,0.0,0.0,0.0,,306.6707818050972,monomer-dissoc (n1),80
0.0,,0.0,0.0,0.0,,315.60842317480973,monomer-dissoc (n1),81
0.0,,0.0,0.0,0.0,,324.5036971735718,monomer-dissoc (n1),82
0.0,,0.0,0.0,0.0,,332.7558227215209,monomer-dissoc (n1),83
0.0,,0.0,0.0,0.0,,340.4414333668359,monomer-dissoc (n1),84
0.0,,0.0,0.0,0.0,,347.6300754620718,monomer-dissoc (n1),85
0.0,,0.0,0.0,0.0,,354.3846825456646,monomer-dissoc (n1),86
0.0,,0.0,0.0,0.0,,360.76199154031025,monomer-dissoc (n1),87
0.0,,0.0,0.0,0.0,,366.8129180798772,monomer-dissoc (n1),88
0.0,,0.0,0.0,0.0,,372.5829079597962,monomer-dissoc (n1),89
0.0,,0.0,0.0,0.0,,378.11227964203465,monomer-dissoc (n1),90
0.0,,0.0,0.0,0.0,,386.48692995239645,monomer-dissoc (n1),91
0.0,,0.0,0.0,0.0,,394.839345702668,monomer-dissoc (n1),92
0.0,,0.0,0.0,0.0,,402.5906459247894,monomer-dissoc (n1),93
0.0,,0.0,0.0,0.0,,409.81265818976436,monomer-dissoc (n1),94
0.0,,0.0,0.0,0.0,,416.5705508164191,monomer-dissoc (n1),95
0.0,,0.0,0.0,0.0,,422.9232761290286,monomer-dissoc (n1),96
0.0,,0.0,0.0,0.0,,428.92396002843196,monomer-dissoc (n1),97
0.0,,0.0,0.0,0.0,,434.6202543632202,monomer-dissoc (n1),98
0.0,,0.0,0.0,0.0,,440.0546681061763,monomer-dissoc (n1),99
0.0,,0.0,0.0,0.0,,445.26489121377176,monomer-dissoc (n1),100
0.0,,0.0,0.0,0.0,,457.4209847046124,monomer-dissoc (n1),101
0.0,,0.0,0.0,0.0,,469.50073442885616,monomer-dissoc (n1),102
0.0,,0.0,0.0,0.0,,480.5471993935657,monomer-dissoc (n1),103
0.0,,0.0,0.0,0.0,,490.66946256842914,monomer-dissoc (n1),104
0.0,,0.0,0.0,0.0,,499.9669238152615,monomer-dissoc (n1),105
0.0,,0.0,0.0,0.0,,508.53017418192104,monomer-dissoc (n1),106
0.0,,0.0,0.0,0.0,,516.4417629337748,monomer-dissoc (n1),107
0.0,,0.0,0.0,0.0,,523.7768648551965,monomer-dissoc (n1),108
0.0,,0.0,0.0,0.0,,530.6038565693747,monomer-dissoc (n1),109
0.0,,0.0,0.0,0.0,,536.9848123246219,monomer-dissoc (n1),110
0.0,,0.0,0.0,0.0,,549.2832186056763,monomer-dissoc (n1),111
0.0,,0.0,0.0,0.0,,561.3269093913632,monomer-dissoc (n1),112
0.0,,0.0,0.0,0.0,,572.3319781550163,monomer-dissoc (n1),113
0.0,,0.0,0.0,0.0,,582.4073216628957,monomer-dissoc (n1),114
0.0,,0.0,0.0,0.0,,591.6521506935466,monomer-dissoc (n1),115
0.0,,0.0,0.0,0.0,,600.1568767914355,monomer-dissoc (n1),116
0.0,,0.0,0.0,0.0,,608.0038923779144,monomer-dissoc (n1),117
0.0,,0.0,0.0,0.0,,615.2682514303852,monomer-dissoc (n1),118
0.0,,0.0,0.0,0.0,,622.0182587761062,monomer-dissoc (n1),119
0.0,,0.0,0.0,0.0,,628.3159774331012,monomer-dissoc (n1),120
0.0,,0.0,0.0,0.0,,640.3313044846161,monomer-dissoc (n1),121
0.0,,0.0,0.0,0.0,,652.120197739464,monomer-dissoc (n1),122
0.0,,0.0,0.0,0.0,,662.8913143853488,monomer-dissoc (n1),123
0.0,,0.0,0.0,0.0,,672.751278284586,monomer-dissoc (n1),124
0.0,,0.0,0.0,0.0,,681.797223846089,monomer-dissoc (n1),125
0.0,,0.0,0.0,0.0,,690.1176670940022,monomer-dissoc (n1),126
0.0,,0.0,0.0,0.0,,697.7932720533959,monomer-dissoc (n1),127
0.0,,0.0,0.0,0.0,,704.8975195938348,monomer-dissoc (n1),128
0.0,,0.0,0.0,0.0,,711.4972866013842,monomer-dissoc (n1),129
0.0,,0.0,0.0,0.0,,717.6533446391849,monomer-dissoc (n1),130
0.0,,0.0,0.0,0.0,,729.4353714745871,monomer-dissoc (n1),131
0.0,,0.0,0.0,0.0,,741.0344443283766,monomer-dissoc (n1),132
0.0,,0.0,0.0,0.0,,751.6318709946889,monomer-dissoc (n1),133
0.0,,0.0,0.0,0.0,,761.3325733651035,monomer-dissoc (n1),134
0.0,,0.0,0.0,0.0,,770.2321326157455,monomer-dissoc (n1),135
0.0,,0.0,0.0,0.0,,778.4176475011811,monomer-dissoc (n1),136
0.0,,0.0,0.0,0.0,,785.9684894156691,monomer-dissoc (n1),137
0.0,,0.0,0.0,0.0,,792.9569613172663,monomer-dissoc (n1),138
0.0,,0.0,0.0,0.0,,799.4488682935242,monomer-dissoc (n1),139
0.0,,0.0,0.0,0.0,,805.5040087914707,monomer-dissoc (n1),140
0.0,,0.0,0.0,0.0,,817.121758750405,monomer-dissoc (n1),141
0.0,,0.0,0.0,0.0,,828.5987157010134,monomer-dissoc (n1),142
0.0,,0.0,0.0,0.0,,839.0844345688482,monomer-dissoc (n1),143
0.0,,0.0,0.0,0.0,,848.6827427466426,monomer-dissoc (n1),144
0.0,,0.0,0.0,0.0,,857.4882225497525,monomer-dissoc (n1),145
0.0,,0.0,0.0,0.0,,865.5870612550495,monomer-dissoc (n1),146
0.0,,0.0,0.0,0.0,,873.0577988392173,monomer-dissoc (n1),147
0.0,,0.0,0.0,0.0,,879.9719804811494,monomer-dissoc (n1),148
0.0,,0.0,0.0,0.0,,886.3947215497093,monomer-dissoc (n1),149
0.0,,0.0,0.0,0.0,,892.3851940148659,monomer-dissoc (n1),150
0.0,,0.0,0.0,0.0,,903.8875017964002,monomer-dissoc (n1),151
0.0,,0.0,0.0,0.0,,915.2889313037999,monomer-dissoc (n1),152
0.0,,0.0,0.0,0.0,,925.7055304672692,monomer-dissoc (n1),153
0.0,,0.0,0.0,0.0,,935.2404510641085,monomer-dissoc (n1),154
0.0,,0.0,0.0,0.0,,943.9876586377035,monomer-dissoc (n1),155
0.0,,0.0,0.0,0.0,,952.0327775142575,monomer-dissoc (n1),156
0.0,,0.0,0.0,0.0,,959.4538340910578,monomer-dissoc (n1),157
0.0,,0.0,0.0,0.0,,966.3219054415574,monomer-dissoc (n1),158
0.0,,0.0,0.0,0.0,,972.7016809217247,monomer-dissoc (n1),159
0.0,,0.0,0.0,0.0,,978.6519456611331,monomer-dissoc (n1),160
0.0,,0.0,0.0,0.0,,990.0703771838174,monomer-dissoc (n1),161
0.0,,0.0,0.0,0.0,,1001.426254065374,monomer-dissoc (n1),162
0.0,,0.0,0.0,0.0,,1011.8011274690119,monomer-dissoc (n1),163
0.0,,0.0,0.0,0.0,,1021.297743037372,monomer-dissoc (n1),164
0.0,,0.0,0.0,0.0,,1030.009695342719,monomer-dissoc (n1),165
0.0,,0.0,0.0,0.0,,1038.0222699735443,monomer-dissoc (n1),166
0.0,,0.0,0.0,0.0,,1045.4131842325257,monomer-dissoc (n1),167
0.0,,0.0,0.0,0.0,,1052.2532334796151,monomer-dissoc (n1),168
0.0,,0.0,0.0,0.0,,1058.6068507810812,monomer-dissoc (n1),169
0.0,,0.0,0.0,0.0,,1064.532588712175,monomer-dissoc (n1),170
0.0,,0.0,0.0,0.0,,1075.887110864038,monomer-dissoc (n1),171
0.0,,0.0,0.0,0.0,,1087.2163967595554,monomer-dissoc (n1),172
0.0,,0.0,0.0,0.0,,1097.566872877005,monomer-dissoc (n1),173
0.0,,0.0,0.0,0.0,,1107.0410490748031,monomer-dissoc (n1),174
0.0,,0.0,0.0,0.0,,1115.7323043488227,monomer-dissoc (n1),175
0.0,,0.0,0.0,0.0,,1123.7257273094065,monomer-dissoc (n1),176
0.0,,0.0,0.0,0.0,,1131.098855463139,monomer-dissoc (n1),177
0.0,,0.0,0.0,0.0,,1137.9223203267247,monomer-dissoc (n1),178
0.0,,0.0,0.0,0.0,,1144.260406018471,monomer-dissoc (n1),179
0.0,,0.0,0.0,0.0,,1150.1715301508482,monomer-dissoc (n1),180
0.0,,0.0,0.0,0.0,,1161.4746805368904,monomer-dissoc (n1),181
0.0,,0.0,0.0,0.0,,1172.7892991095068,monomer-dissoc (n1),182
0.0,,0.0,0.0,0.0,,1183.1262748418333,monomer-dissoc (n1),183
0.0,,0.0,0.0,0.0,,1192.5879888195077,monomer-dissoc (n1),184
0.0,,0.0,0.0,0.0,,1201.267702093218,monomer-dissoc (n1),185
0.0,,0.0,0.0,0.0,,1209.2503953718651,monomer-dissoc (n1),186
0.0,,0.0,0.0,0.0,,1216.6135076227088,monomer-dissoc (n1),187
0.0,,0.0,0.0,0.0,,1223.4275806025366,monomer-dissoc (n1),188
0.0,,0.0,0.0,0.0,,1229.7568169550316,monomer-dissoc (n1),189
0.0,,0.0,0.0,0.0,,1235.6595606808776,monomer-dissoc (n1),190
0.0,,0.0,0.0,0.0,,1246.9191830442812,monomer-dissoc (n1),191
0.0,,0.0,0.0,0.0,,1258.226610411961,monomer-dissoc (n1),192
0.0,,0.0,0.0,0.0,,1268.556918366972,monomer-dissoc (n1),193
0.0,,0.0,0.0,0.0,,1278.0124262280817,monomer-dissoc (n1),194
0.0,,0.0,0.0,0.0,,1286.6863382458869,monomer-dissoc (n1),195
0.0,,0.0,0.0,0.0,,1294.6635830255457,monomer-dissoc (n1),196
0.0,,0.0,0.0,0.0,,1302.021551902465,monomer-dissoc (n1),197
0.0,,0.0,0.0,0.0,,1308.830743293441,monomer-dissoc (n1),198
0.0,,0.0,0.0,0.0,,1315.1553206511353,monomer-dissoc (n1),199
