file,role,parent,forming_CC,region
g_0000.xyz,baseline,0,3.276,reactant_basin
g_0001.xyz,baseline,0,3.285,reactant_basin
g_0002.xyz,baseline,0,3.359,reactant_basin
g_0003.xyz,baseline,0,3.347,reactant_basin
g_0004.xyz,baseline,1,3.082,reactant_basin
g_0005.xyz,baseline,1,3.177,reactant_basin
g_0006.xyz,baseline,1,3.297,reactant_basin
g_0007.xyz,baseline,1,3.069,reactant_basin
g_0008.xyz,baseline,3,2.914,reactant_basin
g_0009.xyz,baseline,3,3.063,reactant_basin
g_0010.xyz,baseline,3,3.032,reactant_basin
g_0011.xyz,baseline,3,3.045,reactant_basin
g_0012.xyz,baseline,5,2.807,pre_TS_rising
g_0013.xyz,baseline,5,2.842,pre_TS_rising
g_0014.xyz,baseline,5,2.897,pre_TS_rising
g_0015.xyz,baseline,5,2.878,pre_TS_rising
g_0016.xyz,baseline,7,2.568,pre_TS_rising
g_0017.xyz,baseline,7,2.561,pre_TS_rising
g_0018.xyz,baseline,7,2.688,pre_TS_rising
g_0019.xyz,baseline,7,2.536,pre_TS_rising
g_0020.xyz,baseline,9,2.415,pre_TS_rising
g_0021.xyz,baseline,9,2.333,TS_region
g_0022.xyz,baseline,9,2.479,pre_TS_rising
g_0023.xyz,baseline,9,2.391,TS_region
g_0024.xyz,baseline,10,2.381,TS_region
g_0025.xyz,baseline,10,2.366,TS_region
g_0026.xyz,baseline,10,2.359,TS_region
g_0027.xyz,baseline,10,2.349,TS_region
g_0028.xyz,baseline,12,2.186,TS_region
g_0029.xyz,baseline,12,2.129,TS_region
g_0030.xyz,baseline,12,2.129,TS_region
g_0031.xyz,baseline,12,2.19,TS_region
g_0032.xyz,baseline,14,1.897,post_TS
g_0033.xyz,baseline,14,1.884,post_TS
g_0034.xyz,baseline,14,1.825,post_TS
g_0035.xyz,baseline,14,1.978,TS_region
g_0036.xyz,baseline,16,1.703,post_TS
g_0037.xyz,baseline,16,1.755,post_TS
g_0038.xyz,baseline,16,1.727,post_TS
g_0039.xyz,baseline,16,1.66,product_basin
g_0040.xyz,baseline,17,1.576,product_basin
g_0041.xyz,baseline,17,1.677,product_basin
g_0042.xyz,baseline,17,1.592,product_basin
g_0043.xyz,baseline,17,1.662,product_basin
g_0044.xyz,barrier_extra,10,2.274,TS_region
g_0045.xyz,barrier_extra,10,2.306,TS_region
g_0046.xyz,barrier_extra,10,2.415,pre_TS_rising
g_0047.xyz,barrier_extra,10,2.326,TS_region
g_0048.xyz,barrier_extra,10,2.276,TS_region
g_0049.xyz,barrier_extra,10,2.263,TS_region
g_0050.xyz,barrier_extra,10,2.431,pre_TS_rising
g_0051.xyz,barrier_extra,10,2.318,TS_region
g_0052.xyz,barrier_extra,12,2.052,TS_region
g_0053.xyz,barrier_extra,12,2.102,TS_region
g_0054.xyz,barrier_extra,12,2.167,TS_region
g_0055.xyz,barrier_extra,12,2.129,TS_region
g_0056.xyz,barrier_extra,12,2.143,TS_region
g_0057.xyz,barrier_extra,12,2.09,TS_region
g_0058.xyz,barrier_extra,12,2.113,TS_region
g_0059.xyz,barrier_extra,12,2.095,TS_region
g_0060.xyz,barrier_extra,14,1.848,post_TS
g_0061.xyz,barrier_extra,14,1.873,post_TS
g_0062.xyz,barrier_extra,14,1.881,post_TS
g_0063.xyz,barrier_extra,14,1.862,post_TS
g_0064.xyz,barrier_extra,14,1.992,TS_region
g_0065.xyz,barrier_extra,14,1.869,post_TS
g_0066.xyz,barrier_extra,14,1.988,TS_region
g_0067.xyz,barrier_extra,14,1.849,post_TS
g_0068.xyz,barrier_extra,16,1.68,product_basin
g_0069.xyz,barrier_extra,16,1.697,product_basin
g_0070.xyz,barrier_extra,16,1.643,product_basin
g_0071.xyz,barrier_extra,16,1.649,product_basin
g_0072.xyz,barrier_extra,16,1.742,post_TS
g_0073.xyz,barrier_extra,16,1.753,post_TS
g_0074.xyz,barrier_extra,16,1.777,post_TS
g_0075.xyz,barrier_extra,16,1.676,product_basin
g_0076.xyz,generic_extra,0,3.36,reactant_basin
g_0077.xyz,generic_extra,0,3.267,reactant_basin
g_0078.xyz,generic_extra,0,3.271,reactant_basin
g_0079.xyz,generic_extra,0,3.342,reactant_basin
g_0080.xyz,generic_extra,0,3.364,reactant_basin
g_0081.xyz,generic_extra,0,3.252,reactant_basin
g_0082.xyz,generic_extra,0,3.269,reactant_basin
g_0083.xyz,generic_extra,0,3.308,reactant_basin
g_0084.xyz,generic_extra,5,2.854,pre_TS_rising
g_0085.xyz,generic_extra,5,2.763,pre_TS_rising
g_0086.xyz,generic_extra,5,2.734,pre_TS_rising
g_0087.xyz,generic_extra,5,2.791,pre_TS_rising
g_0088.xyz,generic_extra,5,2.884,pre_TS_rising
g_0089.xyz,generic_extra,5,2.841,pre_TS_rising
g_0090.xyz,generic_extra,5,2.713,pre_TS_rising
g_0091.xyz,generic_extra,5,2.856,pre_TS_rising
g_0092.xyz,generic_extra,9,2.486,pre_TS_rising
g_0093.xyz,generic_extra,9,2.385,TS_region
g_0094.xyz,generic_extra,9,2.347,TS_region
g_0095.xyz,generic_extra,9,2.511,pre_TS_rising
g_0096.xyz,generic_extra,9,2.471,pre_TS_rising
g_0097.xyz,generic_extra,9,2.329,TS_region
g_0098.xyz,generic_extra,9,2.357,TS_region
g_0099.xyz,generic_extra,9,2.445,pre_TS_rising
g_0100.xyz,generic_extra,17,1.612,product_basin
g_0101.xyz,generic_extra,17,1.641,product_basin
g_0102.xyz,generic_extra,17,1.644,product_basin
g_0103.xyz,generic_extra,17,1.761,post_TS
g_0104.xyz,generic_extra,17,1.617,product_basin
g_0105.xyz,generic_extra,17,1.612,product_basin
g_0106.xyz,generic_extra,17,1.715,post_TS
g_0107.xyz,generic_extra,17,1.62,product_basin
g_0108.xyz,test,2,3.142,reactant_basin
g_0109.xyz,test,2,3.266,reactant_basin
g_0110.xyz,test,2,3.113,reactant_basin
g_0111.xyz,test,2,3.225,reactant_basin
g_0112.xyz,test,2,3.203,reactant_basin
g_0113.xyz,test,2,3.094,reactant_basin
g_0114.xyz,test,4,2.922,reactant_basin
g_0115.xyz,test,4,2.918,reactant_basin
g_0116.xyz,test,4,2.98,reactant_basin
g_0117.xyz,test,4,2.93,reactant_basin
g_0118.xyz,test,4,2.88,pre_TS_rising
g_0119.xyz,test,4,2.951,reactant_basin
g_0120.xyz,test,6,2.79,pre_TS_rising
g_0121.xyz,test,6,2.747,pre_TS_rising
g_0122.xyz,test,6,2.783,pre_TS_rising
g_0123.xyz,test,6,2.742,pre_TS_rising
g_0124.xyz,test,6,2.694,pre_TS_rising
g_0125.xyz,test,6,2.723,pre_TS_rising
g_0126.xyz,test,8,2.536,pre_TS_rising
g_0127.xyz,test,8,2.479,pre_TS_rising
g_0128.xyz,test,8,2.569,pre_TS_rising
g_0129.xyz,test,8,2.61,pre_TS_rising
g_0130.xyz,test,8,2.477,pre_TS_rising
g_0131.xyz,test,8,2.578,pre_TS_rising
g_0132.xyz,test,11,2.266,TS_region
g_0133.xyz,test,11,2.251,TS_region
g_0134.xyz,test,11,2.177,TS_region
g_0135.xyz,test,11,2.218,TS_region
g_0136.xyz,test,11,2.128,TS_region
g_0137.xyz,test,11,2.233,TS_region
g_0138.xyz,test,13,2.015,TS_region
g_0139.xyz,test,13,1.982,TS_region
g_0140.xyz,test,13,1.979,TS_region
g_0141.xyz,test,13,2.024,TS_region
g_0142.xyz,test,13,1.995,TS_region
g_0143.xyz,test,13,1.995,TS_region
g_0144.xyz,test,15,1.832,post_TS
g_0145.xyz,test,15,1.877,post_TS
g_0146.xyz,test,15,1.874,post_TS
g_0147.xyz,test,15,1.819,post_TS
g_0148.xyz,test,15,1.797,post_TS
g_0149.xyz,test,15,1.793,post_TS
g_0150.xyz,test,18,1.626,product_basin
g_0151.xyz,test,18,1.6,product_basin
g_0152.xyz,test,18,1.42,product_basin
g_0153.xyz,test,18,1.506,product_basin
g_0154.xyz,test,18,1.584,product_basin
g_0155.xyz,test,18,1.492,product_basin
w_000.xyz,water,-1,-1,water
w_001.xyz,water,-1,-1,water
w_002.xyz,water,-1,-1,water
w_003.xyz,water,-1,-1,water
w_004.xyz,water,-1,-1,water
w_005.xyz,water,-1,-1,water
w_006.xyz,water,-1,-1,water
w_007.xyz,water,-1,-1,water
w_008.xyz,water,-1,-1,water
w_009.xyz,water,-1,-1,water
w_010.xyz,water,-1,-1,water
w_011.xyz,water,-1,-1,water
w_012.xyz,water,-1,-1,water
w_013.xyz,water,-1,-1,water
w_014.xyz,water,-1,-1,water
w_015.xyz,water,-1,-1,water
w_016.xyz,water,-1,-1,water
w_017.xyz,water,-1,-1,water
w_018.xyz,water,-1,-1,water
w_019.xyz,water,-1,-1,water
w_020.xyz,water,-1,-1,water
w_021.xyz,water,-1,-1,water
w_022.xyz,water,-1,-1,water
w_023.xyz,water,-1,-1,water
w_024.xyz,water,-1,-1,water
w_025.xyz,water,-1,-1,water
w_026.xyz,water,-1,-1,water
w_027.xyz,water,-1,-1,water
w_028.xyz,water,-1,-1,water
w_029.xyz,water,-1,-1,water
