Rg,max_OO_A,n_evaporated,frac_in_main,mean_coordination,max_intra_OH_A,n_transfer,frame,time_ps
4.454219244698878,11.892794145141371,0,1.0,4.828620136217867,1.001815759325103,0,0,0.0
4.6123883738224345,11.853742961596106,0,1.0,4.317116460529007,1.0889351931324873,0,1,0.1
4.655627381630679,12.892241468227983,0,1.0,4.436554277514617,1.04859802966041,0,2,0.2
4.635773523802474,13.415046618601178,0,1.0,4.479660219648062,1.0658725433441931,0,3,0.3
4.55659278860402,13.069050576057931,0,1.0,4.595327885354291,1.085725767993109,0,4,0.4
4.55824305200052,12.835711620364568,0,1.0,4.339857492940134,1.095846863688474,0,5,0.5
4.463977906080599,12.394550210687566,0,1.0,4.60363783262325,1.0992859727822,0,6,0.6
4.395525979750237,11.616146370529671,0,1.0,4.7769119492133525,1.0540599879637278,0,7,0.7
4.462992705746776,11.50304529744823,0,1.0,4.463317831379848,1.0431845865804639,0,8,0.8
4.433141800627652,11.531310199800963,0,1.0,4.51035007876301,1.0297070647815347,0,9,0.9
4.439040222062814,11.436098026502721,0,1.0,4.446362591304302,1.0918221287526455,0,10,1.0
4.490083088894588,11.561487026374122,0,1.0,4.336772710692688,1.0722671183548769,0,11,1.1
4.491892681315198,11.549449090915239,0,1.0,4.3765012691431915,1.0522790013230598,0,12,1.2
4.465908238725806,11.496649977047976,0,1.0,4.481165142000249,1.052517361311682,0,13,1.3
4.458794104027721,11.427132528577474,0,1.0,4.550388293404923,1.0661796840941447,0,14,1.4
4.424702228517083,11.433529625441114,0,1.0,4.615058870063704,1.0616564866495608,0,15,1.5
4.396610462134811,11.062739788732475,0,1.0,4.710961038413781,1.0769645700629626,0,16,1.6
4.394609799805826,11.468918706880176,0,1.0,4.697397500283615,1.03890493541042,0,17,1.7
4.472049122575467,11.876563219901355,0,1.0,4.371992430449054,1.0370396698153572,0,18,1.8
4.447982742239025,12.200813807309034,0,1.0,4.493836588978393,1.063467353498153,0,19,1.9
4.426678420746777,11.810278374551254,0,1.0,4.639328568862349,1.046581087336949,0,20,2.0
4.430161940236098,11.421011366514431,0,1.0,4.526148458413568,1.1086617725861796,0,21,2.1
4.368196818202553,11.560348894093865,0,1.0,4.608872238594423,1.0505679286514409,0,22,2.2
4.324631072561064,11.794518296779524,0,1.0,4.651659337452774,1.016451580402718,0,23,2.3
4.269760420471857,11.427929652384718,0,1.0,4.772091572819469,1.0430173767070174,0,24,2.4
4.1992716952606015,11.098683707376276,0,1.0,4.995554912924927,1.046065241526829,0,25,2.5
4.200394620636324,11.069045398595932,0,1.0,4.951619000221146,1.0240915998536155,0,26,2.6
4.166010771971459,10.464927337364905,0,1.0,5.065505331813994,1.0399036460775346,0,27,2.7
4.169089633532342,10.479327208164968,0,1.0,5.033930209090564,1.0815671151465542,0,28,2.8
4.178591389639191,10.179268802775093,0,1.0,4.9224859721572924,1.0365638939739998,0,29,2.9
