frame,snapshot_number,source_file,approx_time_ps,rmsd_A,distance_1_A,distance_2_A,distance_difference_A,angle_deg,dihedral_deg,radius_of_gyration_A,max_pair_distance_A,estimated_components
0,1,scoord.1,1.0,1.9348453783840093e-16,0.9440569478175825,1.5435023717084801,-0.5994454238908976,31.80647868372216,,0.30224002300095587,1.5435023717084801,1
1,2,scoord.2,2.0,0.09495348627979733,0.9603280140486592,1.3768040539566504,-0.4164760399079912,41.6389672626781,,0.3059095442974849,1.3768040539566504,1
2,3,scoord.3,3.0,0.08562779605990474,0.9950184158163893,1.7483104095863353,-0.753291993769946,29.814025669765932,,0.3314329670821065,1.7483104095863353,1
3,4,scoord.4,4.0,0.06649015919079332,0.9598745825984009,1.6934575331557702,-0.7335829505573693,31.442618499427304,,0.3243842408642269,1.6934575331557702,1
4,5,scoord.5,5.0,0.1133105114935044,0.975079593092055,1.446462025545998,-0.47138243245394285,46.65296956379721,,0.3298390476945031,1.446462025545998,1
5,6,scoord.6,6.0,0.0364899815889583,0.9360227314589283,1.6022990774489987,-0.6662763459900704,34.008440374409886,,0.31484780149500513,1.6022990774489987,1
6,7,scoord.7,7.0,0.1060389567899323,0.9986128430087882,1.473389905388878,-0.47477706238008976,45.05272482279897,,0.33237941960684847,1.473389905388878,1
7,8,scoord.8,8.0,0.10572455216516667,0.9977131325054223,1.7840658787180448,-0.7863527462126225,24.63878745261362,,0.3259798219587683,1.7840658787180448,1
8,9,scoord.9,9.0,0.12577037077881403,0.9685794243875295,1.4173793434444533,-0.44879991905692374,48.41335788861318,,0.3298392177461136,1.4173793434444533,1
9,10,scoord.10,10.0,0.17829618883637915,0.8890346075628276,1.1923258085387238,-0.30329120097589624,52.75720795052065,,0.29981587473800553,1.1923258085387238,1
10,11,scoord.11,11.0,13.159434951072353,27.527069522895243,22.389487929370084,5.137581593525159,48.44852202015142,,7.820384597149095,27.527069522895243,3
11,12,scoord.12,12.0,51.862180767610575,92.86333521144105,104.05987426704073,-11.196539055599672,43.192457867777634,,26.99739667935274,104.05987426704073,3
12,13,scoord.13,13.0,95.45037945177077,158.13055661241944,205.9409138977929,-47.81035728537347,37.47010117326709,,46.440353895828714,205.9409138977929,3
13,14,scoord.14,14.0,141.22565712544886,221.2165106673441,317.46078084262916,-96.24427017528507,32.67579974009975,,65.66697555414613,317.46078084262916,3
14,15,scoord.15,15.0,188.08948639112847,282.4016048390685,433.58729329410284,-151.18568845503432,28.692712914252084,,84.74446532721656,433.58729329410284,3
15,16,scoord.16,16.0,235.53658073511974,342.29434859965085,551.894904701254,-209.6005561016031,25.377898306886365,,103.78139225688089,551.894904701254,3
16,17,scoord.17,17.0,283.32892630475726,401.41536000120243,671.2276887015262,-269.81232870032375,22.609162403687087,,122.85374049184249,671.2276887015262,3
17,18,scoord.18,18.0,331.3505215959243,460.13270062350625,791.0402597814467,-330.90755915794045,20.28597686160056,,142.00317965299868,791.0402597814467,3
18,19,scoord.19,19.0,379.5403647613181,518.6835611145731,911.0768622674294,-392.39330115285634,18.326401081674067,,161.24717601533075,911.0768622674294,3
