step,time_ps,epot_hartree,epot_relative_hartree,epot_relative_ev,epot_relative_kj_mol
200,0.2,-5.02726,0.015859999999999985,0.4315725819599996,41.64042365599996
400,0.4,-5.03738,0.0057400000000003,0.1561933556400082,15.07036770400079
600,0.6,-5.04064,0.0024800000000002598,0.06748423728000708,6.511239008000683
800,0.8,-5.04222,0.0008999999999996788,0.024490247399991262,2.3629496399991567
1000,1.0,-5.04312,0.0,0.0,0.0
1200,1.2,-5.04117,0.0019499999999998963,0.05306220269999718,5.1197242199997275
1400,1.4,-5.03909,0.0040300000000002,0.10966188558000545,10.580763388000525
1600,1.6,-5.03753,0.005589999999999762,0.15211164773999353,14.676542763999375
1800,1.8,-5.03629,0.006829999999999892,0.18585376637999707,17.932162267999715
2000,2.0,-5.0353,0.007819999999999716,0.2127930385199923,20.531406871999256
2200,2.2,-5.03314,0.009979999999999656,0.27156963227999065,26.2024860079991
2400,2.4,-5.03096,0.012159999999999727,0.3308904537599926,31.926075135999284
2600,2.6,-5.0291,0.014020000000000366,0.38150363172000995,36.80950439200096
2800,2.8,-5.0275,0.01562000000000019,0.42504184932000516,41.010303752000496
3000,3.0,-5.02612,0.017000000000000348,0.4625935620000095,44.63349320000091
3200,3.2,-5.02399,0.019129999999999647,0.5205538141799905,50.22580734799907
3400,3.4,-5.02184,0.021279999999999966,0.5790582940799991,55.87063148799991
3600,3.6,-5.01993,0.023190000000000488,0.6310320413400133,60.88533572400129
3800,3.8,-5.01821,0.02491000000000021,0.6778356252600057,65.40119503600056
4000,4.0,-5.01666,0.02646000000000015,0.7200132735600041,69.47071941600039
4200,4.2,-5.01457,0.028550000000000075,0.7768850703000021,74.9580135800002
4400,4.4,-5.01245,0.030669999999999753,0.8345732086199933,80.52407273199935
4600,4.6,-5.01051,0.03261000000000003,0.8873632974600008,85.61754195600008
4800,4.8,-5.00873,0.03439000000000014,0.9357995645400039,90.29093124400038
5000,5.0,-5.00709,0.03603000000000023,0.9804262375800062,94.5967505880006
5200,5.2,-5.00502,0.03810000000000002,1.0367538066000006,100.03153476000007
5400,5.4,-5.00292,0.04020000000000046,1.0938977172000124,105.5450839200012
5600,5.6,-5.00097,0.042150000000000354,1.1469599199000096,110.66480814000093
5800,5.8,-4.99915,0.04396999999999984,1.1964846424199957,115.4432174119996
6000,6.0,-4.99745,0.04567000000000032,1.2427439986200088,119.90656673200085
6200,6.2,-4.99539,0.047729999999999606,1.2987994537799894,125.31509590799897
6400,6.4,-4.9933,0.04982000000000042,1.3556712505200115,130.80239007200112
6600,6.6,-4.99133,0.05179000000000045,1.4092776809400123,135.97462428400118
6800,6.8,-4.98948,0.05363999999999969,1.4596187450399916,140.83179854399918
7000,7.0,-4.98774,0.05538000000000043,1.5069665566800117,145.40016784800113
7200,7.2,-4.98569,0.05743000000000009,1.5627498979800025,150.78244202800025
7400,7.4,-4.98362,0.059499999999999886,1.619077466999997,156.21722619999971
7600,7.6,-4.98165,0.061469999999999914,1.6726838974199978,161.38946041199978
7800,7.8,-4.97979,0.06332999999999966,1.723297075379991,166.27288966799912
8000,8.0,-4.97801,0.06510999999999978,1.7717333424599941,170.94627895599942
8200,8.2,-4.976,0.06712000000000007,1.826428228320002,176.2235331520002
8400,8.4,-4.97396,0.06916000000000011,1.881939455760003,181.5795523360003
8600,8.6,-4.97203,0.07108999999999988,1.9344574307399967,186.64676656399968
8800,8.8,-4.97017,0.07294999999999963,1.9850706086999899,191.53019581999902
9000,9.0,-4.9684,0.07472000000000012,2.0332347619200033,196.17733011200033
9200,9.2,-4.96641,0.07671000000000028,2.0873854200600075,201.40207431600075
9400,9.4,-4.96438,0.07873999999999981,2.142624533639995,206.7318385039995
9600,9.6,-4.96243,0.0806899999999997,2.195686736339992,211.85156272399925
9800,9.8,-4.96057,0.08255000000000035,2.2462999143000095,216.73499198000093
10000,10.0,-4.95872,0.08440000000000047,2.296640978400013,221.59216624000126
10200,10.2,-4.95672,0.08640000000000025,2.351063750400007,226.8431654400007
10400,10.4,-4.95454,0.08858000000000033,2.4103845718800088,232.56675456800087
10600,10.6,-4.88205,0.1610700000000005,4.382937943020013,422.8892205720013
10800,10.8,-4.79165,0.2514700000000003,6.842847237420009,660.2343844120008
11000,11.0,-4.70454,0.3385800000000003,9.21323107188001,888.9416545680009
11200,11.2,-4.62051,0.4226099999999997,11.499803837459993,1109.5623859559994
11400,11.4,-4.53945,0.5036699999999996,13.70555878661999,1322.385383531999
11600,11.6,-4.4612,0.5819200000000002,15.834849741120006,1527.8307272320005
11800,11.8,-4.38559,0.6575300000000004,17.892302636580013,1726.344751988001
12000,12.0,-4.3125,0.73062,19.88118283932,1918.2425177520001
12200,12.2,-4.24179,0.8013300000000001,21.805299943380003,2103.891594468
12400,12.4,-4.17338,0.8697400000000002,23.666830859640005,2283.5020221040004
12600,12.6,-4.10714,0.9359799999999998,25.469313068279995,2457.4151156079997
12800,12.8,-4.04297,1.0001499999999997,27.215467707899993,2625.893424939999
13000,13.0,-3.98078,1.0623399999999998,28.907743803239995,2789.1732450639997
13200,13.2,-3.92045,1.1226699999999998,30.549406720619995,2947.5696359319995
13400,13.4,-3.86194,1.18118,32.14154491548,3101.187617528
13600,13.6,-3.80515,1.2379700000000002,33.68687952642001,3250.289739812001
13800,13.8,-3.75001,1.29311,35.187315350460004,3395.059787756
14000,14.0,-3.69644,1.34668,36.645029298480004,3535.707801328
14200,14.2,-3.64437,1.3987500000000002,38.061926167500005,3672.4175655000004
14400,14.4,-3.59376,1.44936,39.43909441296,3805.294100256
14600,14.6,-3.54453,1.49859,40.77871094574,3934.5474455640006
14800,14.8,-3.49663,1.54649,42.08213633514,4060.308876404
15000,15.0,-3.45001,1.5931100000000002,43.35073115046001,4182.709667756001
15200,15.2,-3.40461,1.6385100000000001,44.58612807486001,4301.907349596
15400,15.4,-3.3604,1.6827200000000002,45.789143449920005,4417.980686912001
15600,15.6,-3.31732,1.7258,46.961409958800004,4531.08720968
15800,15.8,-3.27533,1.7677900000000002,48.104016056940004,4641.331937884001
16000,16.0,-3.23439,1.8087300000000002,49.21805019978001,4748.819891508
16200,16.2,-3.19445,1.8486700000000003,50.30487295662001,4853.682345532001
16400,16.4,-3.15549,1.8876300000000001,51.365028555180004,4955.971809948001
16600,16.6,-3.11748,1.92564,52.399333337040005,5055.767049744
16800,16.8,-3.08037,1.9627500000000002,53.40914787150001,5153.199339900001
17000,17.0,-3.04413,1.99899,54.395288500140005,5248.347445404001
17200,17.2,-3.00872,2.0344,55.35884367840001,5341.316386240001
17400,17.4,-2.97414,2.0689800000000003,56.29981340628001,5432.106162408001
17600,17.6,-2.94035,2.10277,57.21928613922,5520.821793892001
17800,17.8,-2.90731,2.13581,58.11835033266001,5607.568300676001
18000,18.0,-2.87501,2.16811,58.99727810046,5692.371937756
18200,18.2,-2.84341,2.19971,59.85715789806,5775.337725116
18400,18.4,-2.8125,2.23062,60.698261839320004,5856.4919177520005
18600,18.6,-2.78226,2.26086,61.521134151960005,5935.887025656
18800,18.8,-2.75267,2.29045,62.3263190637,6013.57555882
19000,19.0,-2.72369,2.31943,63.11490502998001,6089.6625372280005
19200,19.2,-2.69531,2.34781,63.88716416466,6164.174215876
19400,19.4,-2.66753,2.37559,64.64309646774,6237.110594764
19600,19.6,-2.64031,2.40281,65.38379039466001,6308.576693876001
19800,19.8,-2.61364,2.42948,66.10951805927999,6378.5987682079995
