frame,snapshot_number,source_file,approx_time_ps,rmsd_A,distance_1_A,distance_2_A,distance_difference_A,angle_deg,dihedral_deg,radius_of_gyration_A,max_pair_distance_A,estimated_components,step,time_ps,epot_hartree,epot_relative_hartree,epot_relative_ev,epot_relative_kj_mol
0,1,scoord.1,1.0,1.934845378384009e-16,0.9440569478175824,1.54350237170848,-0.5994454238908976,31.80647868372216,,0.3022400230009558,1.54350237170848,1,1000,1.0,-5.04312,0.0,0.0,0.0
1,2,scoord.2,2.0,0.0949534862797973,0.9603280140486592,1.3768040539566504,-0.4164760399079912,41.6389672626781,,0.3059095442974849,1.3768040539566504,1,2000,2.0,-5.0353,0.0078199999999997,0.2127930385199923,20.531406871999256
2,3,scoord.3,3.0,0.0856277960599047,0.9950184158163892,1.748310409586335,-0.753291993769946,29.81402566976593,,0.3314329670821065,1.748310409586335,1,3000,3.0,-5.02612,0.0170000000000003,0.4625935620000095,44.63349320000091
3,4,scoord.4,4.0,0.0664901591907933,0.9598745825984007,1.6934575331557702,-0.7335829505573693,31.442618499427304,,0.3243842408642269,1.6934575331557702,1,4000,4.0,-5.01666,0.0264600000000001,0.7200132735600041,69.47071941600039
4,5,scoord.5,5.0,0.1133105114935044,0.975079593092055,1.446462025545998,-0.4713824324539428,46.65296956379721,,0.3298390476945031,1.446462025545998,1,5000,5.0,-5.00709,0.0360300000000002,0.9804262375800062,94.5967505880006
5,6,scoord.6,6.0,0.0364899815889583,0.9360227314589284,1.602299077448999,-0.6662763459900704,34.008440374409886,,0.3148478014950051,1.602299077448999,1,6000,6.0,-4.99745,0.0456700000000003,1.2427439986200088,119.90656673200084
6,7,scoord.7,7.0,0.1060389567899323,0.9986128430087882,1.473389905388878,-0.4747770623800897,45.05272482279897,,0.3323794196068484,1.473389905388878,1,7000,7.0,-4.98774,0.0553800000000004,1.5069665566800117,145.40016784800113
7,8,scoord.8,8.0,0.1057245521651666,0.9977131325054224,1.7840658787180448,-0.7863527462126225,24.63878745261362,,0.3259798219587683,1.7840658787180448,1,8000,8.0,-4.97801,0.0651099999999997,1.771733342459994,170.94627895599942
8,9,scoord.9,9.0,0.125770370778814,0.9685794243875296,1.4173793434444533,-0.4487999190569237,48.41335788861318,,0.3298392177461136,1.4173793434444533,1,9000,9.0,-4.9684,0.0747200000000001,2.0332347619200037,196.17733011200036
9,10,scoord.10,10.0,0.1782961888363791,0.8890346075628276,1.1923258085387238,-0.3032912009758962,52.75720795052065,,0.2998158747380055,1.1923258085387238,1,10000,10.0,-4.95872,0.0844000000000004,2.296640978400013,221.5921662400013
10,11,scoord.11,11.0,13.159434951072353,27.527069522895243,22.389487929370084,5.137581593525159,48.44852202015142,,7.820384597149095,27.527069522895243,3,11000,11.0,-4.70454,0.3385800000000003,9.21323107188001,888.9416545680009
11,12,scoord.12,12.0,51.862180767610575,92.86333521144104,104.05987426704073,-11.196539055599672,43.192457867777634,,26.99739667935274,104.05987426704073,3,12000,12.0,-4.3125,0.73062,19.88118283932,1918.242517752
12,13,scoord.13,13.0,95.45037945177076,158.13055661241944,205.9409138977929,-47.81035728537347,37.47010117326709,,46.44035389582872,205.9409138977929,3,13000,13.0,-3.98078,1.0623399999999998,28.907743803239995,2789.173245064
13,14,scoord.14,14.0,141.22565712544886,221.2165106673441,317.4607808426292,-96.24427017528508,32.67579974009975,,65.66697555414613,317.4607808426292,3,14000,14.0,-3.69644,1.34668,36.64502929848,3535.707801328
14,15,scoord.15,15.0,188.08948639112847,282.4016048390685,433.5872932941029,-151.18568845503432,28.692712914252084,,84.74446532721656,433.5872932941029,3,15000,15.0,-3.45001,1.5931100000000002,43.35073115046001,4182.709667756001
15,16,scoord.16,16.0,235.5365807351197,342.29434859965085,551.894904701254,-209.6005561016031,25.377898306886365,,103.78139225688088,551.894904701254,3,16000,16.0,-3.23439,1.80873,49.21805019978001,4748.819891508
16,17,scoord.17,17.0,283.32892630475726,401.4153600012024,671.2276887015262,-269.81232870032375,22.609162403687087,,122.85374049184249,671.2276887015262,3,17000,17.0,-3.04413,1.99899,54.395288500140005,5248.347445404001
17,18,scoord.18,18.0,331.3505215959243,460.1327006235063,791.0402597814467,-330.90755915794045,20.28597686160056,,142.00317965299868,791.0402597814467,3,18000,18.0,-2.87501,2.16811,58.99727810046,5692.371937756
18,19,scoord.19,19.0,379.5403647613181,518.6835611145731,911.0768622674294,-392.39330115285634,18.326401081674067,,161.24717601533075,911.0768622674294,3,19000,19.0,-2.72369,2.31943,63.11490502998001,6089.6625372280005
